ID,transcription
f068a206b84c4632865e0629a1b62fb8,bu dorini helila qaynatqan caqqan bol vissiqida viciwalGin
a9d8cfab47b34f12b8f4b4769075713e,yamGurdin keyinki hawa Huddi sUzUp tazlanGandAk vintayin sap bolidu
34147b4f995144288b720d7474ba4dd6,qar barGancA qattiq yaGdi yoldiki piyadilAr teHimu xalaNxip kAtti
c6c201bcd81a402385c2f008983f7474,cAtkA ciqip bilim vigAnligAndin keyin qaytip kelimAn tAxkilniN maNa bolGan vixAncisini hArgiz yArdA qoymaymAn
c3c190cc67c14d4a946ef1b722196248,vAyplAx kixini cUxkUnlAxtUridu vilhamlandurux kixini rohlanduridu
5a01e615c7474244a173f684403c9bb8,kOpcilik kOzlirini cAkcAytip voqutquci vixlawatqan tAjribini qiziqip kOrmAktA vidi
9b19c7e026574657a5245b5b5ee4e1c8,xat Horamliq naHxa sadasi mAktAp vasminida vuzaqqicA yaNridi
3bd71a4d42b240a8bddf63889e7c3d61,vay yAr xarini cOrA dAp vaylinidiGan hAmrahtur
52778901226547e1a7f231532affe73f,hAr qaysi tOr musabiqisidA yeNip ciqqanlar mukapatlandi
cfa2ec64c0c64bcabd3f20d41281cf94,vapam meni bu yil yazliq tAtildA vUrUmcigA sayahAtkA vaparmaqci boldi
9f29b417d2514fa3bfbfc808abbcb115,deNiz yUziniN votturcA vegizlikini vOlcAm qilGan vegizlik mutlaq vegizliktur
bb24e19f9333456a8b02c29d9d4f1378,vijtimaviy vAHlaqqa rivayA qilmiGan vadAm tolimu yirginixliktur
fe88e5a8c84d49aabbd1d0b0289b0e5c,vu vintayin yawax vAzAldin baxqilar bilAn jedAllAxmAydu
2ebb8898d1e84e289236ccdf2fa1ddd2,mAn yazliq tAtildA matematikini qetirqinip vOgAnmAkcimAn
a64ac85da92b45b59a0410eec8df9542,vilim pAn Hizmiti boyicA qedirip tAkxUrgUcilAr vinsan vayiGi basmiGan qomluqqa HAttArigA qarimay vixkirlAp kirdi
9006ef7113534c2c8cefa60525b18d2e,vu vadAttA tirixip vOginidikAn nAtijisiniN yaHxi boluxidin vAjAblAnmisAkmu bolGidAk
f050b19c00474ac1a3b2f22eb046ac8d,jahangirlarniN tajawuzciliqi juNgu HAlqniN tajawuzciliqqa qarxi GAzAp votini tutaxturdi
2c6f401240a64fe791641c2b344d4586,birdAm saqlaN qorima hazir tAyyar bolidu
3385b9778d28407ea28f9ab283c94a3a,wAtAn wA HAlq yax vAwladlardin vintayin zor vUmid kUtmAktA
fd8f9850296a421d8f7c650d50e2ff0d,zawut baxliGi mAxGulat waqtini vOz valdiGa vOzgArtmAslik kerAklikini qayta qayta tAkitlidi
e4bc499a69a44cf8bb6b91addff78ca1,sAy tuzsizraq bolsun tuzni vazraq salGin
68ba3a24c0d44fadbc992f2c72843f25,silAr pakitni votturGa qoyuxuNlar dawli sOzlixiNlar lazim
828c8ffd4f8544939bec64377f8affe2,qArz bArgAn pulni yanduruwelix kerAk
cf0523b420c34492953491a1063e948e,heliqi yaymici davim nAyrAN vixlitip Heridarlarni valdaydu
019ba46c5a5442278c24fe7639afcfc4,bu generalni jANcilAr bAg hOrmAtlAydu
b1801006823946d3a97bb4fec4620c18,hAmmimiz vacliqni qAdrlAyli
e579d572df504ad2826b79a7342f8901,bu grupida vOz vara yardAm berix bir Hil kAypiyatqa vaylandi
014e744067014892a71e0a9bf3c4be5e,tAkxUrUx grupisiniN coNqurlap tAkxUrUxi bilAn vuniN vApkAscilik qilmixi vUzUl kesil pax qilindi
4f64e37c086347b5a34e77e6fa8bcf6d,dOlAt bayrimini qarxi velix vUcUn hOrmAt qarawuli vAtritidikilAr kOp qetim mAxiq qildi
4926a51a24fd4f6381680d5e7b6b2ecf,vAtiyazda cikkAn vaq meHliyA dArAHliri nahayiti tez vOsti
63964981f75c411d923bcdea5746a22d,biz hoquqtin bAHriman bolupla qalmay mAjburiyAtnimu vUstimizgA veliximiz lazim
309a3ef7e08d46cebdf128d4f0f42cfa,vixik tOwidA yatqan heliqi vadAm qattiq HorAk tartatti
44b8fcc38a2841ddae94d2c27b0ed15d,mAn yazliq tAtildA turpanGa berip sayahAt qilixni voylawatimAn
a908092c5064464f91fdcbba1373ab7d,mAn sinip hAyviti bolux riqabitigA qatnixip vaHir saylandim
b8a74b7897c84dfd924afe16a85b86d8,dUxmAnniN taxyol boylap qaxqini veniq tez qoGlayli
d9377ee8a560489e82b5e8dba51a279e,bAg cecilmay yeqinraq volturuNlar
5fad09ffccfe4f4d8ba5a219027f2d55,qandaqla degAn bilAn HataliqiNdin teniwalalmaysAn
71e6fda0dc7a4762a4e9f076286882d4,vu bir tUz kONUl sAmimi sadiq vadAm
4c9fff4ad8254f388e13e0154c453718,vu kOyUngAn halda tAn salamAtlikiNgA deqqAt qilGin dedi
2bb2da35c0d14e4b8d876d9d3b8808c7,lawliyniN doklatida pikir rawan bolGacqa kixini bAk jAlip qilidu
8abf0181f6cc448fa9eb01f0f417b4d5,qurulux tamamlanGandin keyin yoqiri dArijilik tarmaqlar kelip tAkxUrUp vOtkUzUwalidu
afe22915ec094ea3b41d567affd7c024,bu keyimniN rAHti selinip turidu rANgi vocuq pasuni yeNi
701ec560c8cf4d45ae15ebbfb38661d4,vOydin vayrilGinimGa qancA vuzun bolsa yUtni xuncA seGinidikAnmAn
e7d5dc711f0346f4a04e7e2bcd0addbb,hAr qaysi tarmaqlar votturGa qoyGan tAkliplArgA binavAn pilanGa yAnA bir qetim tUzitix kUrgUziduq
82d4b7840ae543a294b53ab888747d2e,rAsmiy belAt taxlap saylaxtin vilgiri kOpcilik namzadlar visimlikini yAnA bir qetim muzakirA qildi
cd09e818bed242a5bdd7ecc5ed706355,yaxliq naHxisi munAwwAr vAdAbiy vAsAridur
ff96f6b6dd534929b08d5bbef34a303a,vuniN hayat ceGidiki dostlirimu kelip tAziyA yiGiniGa qatnaxti
9af989d626af44498e9fe373427460c6,valqix sadaliri vicidA vu Hudini yoqatqandAk boldi
11f03d0c6ee24fa2a3af5a3111eb88b9,bir tUrkUm bibaha vAtiwarliq quxlar qutquzuwelindi
bca83afd1daa4c9a971ea43676c1bb2f,valtun zAnjir nurGunliGan vayanlarniN zinnAt buyimi bolup qaldi
ad4ecf4e3986401d9eb20c9acb74184f,tamaqtin burun tez maNlisa qandiki may miqdari tOwAnlAydu
90e4c353ffda4c51b3344aa965513eaf,velyas dArs waqtida muvAllimniN sOzigA davim qoxuq selip tArtipni buzidu
076b431554494c40be0c96ec8a11200b,qancA kOp yazsaqmu vuniN von miNdin birini tAswirlAp bolalmaymiz
e0310c6ecda64b8c9f4b7bb651fc0de7,su tijAx tAdbirliri varqiliq vixki yuxurun kUcni qezixqa bolidu
abdfdfc0de5b4348801afe85ffc637bc,bu yiza vaqiwAttA coN yiGinda tAnqitlinip jArimanA tOligAn
ca3ea8a2bc57426c9735c5b687cf893b,restoran kixilArni vOzigA magnittAk tartmaqta
d0dfd9e2322a456aa0d5b87853c4725b,vuniN natislar vixGaliyitidiki rownu rayonidiki qAhArmanliq vix vizliri nahayiti kOp bolup nemisicini nahayiti rawan sOzligAnliktin vustiliq bilAn germaniyA varmiyisiniN generali boluwalGan vidi
afc23d4a5c7c410696d18dbdd60ba6f1,dereJor qaytidin sAhnigA ciqip vorkestriniN yUnmi cilniN cerisiniN teNiy namliq muzikini celixiGa dereJorluk qildi cUnki dAl muxu muziki sAwAbidin kelinton qiziGa cirsi dAp visim qoyGanvidi vu hazir vata vanisiniN yenida volturatti
1d89c76f1bbf4653820da3866c52f368,lAxkiri vixlAr pirqisi yandax begi HusejoN koriyAgA qecip kAtkAnliktin padxa sUyyaNdi peyjUniN qoxumcA lAxkiri vixlArni tutux hAqqidA pArman ciqardi
1b59042b12a744d9931cbd44fb532563,berma tAxwiqAt ministiri jOxAn yArlik muHbirGa mundaq dedi hOkUmAt pat varida vOtkUzUlidiGan vomumniN vawaziGa qoyuxni barliq kUci bilAn vadil velip berixqa tirixidu meniNcA muHbirlarni hAmkarlixixqa murajivAt qilGanda bu qetimqi vomumniN vawaziGa qoyuxi muwAppiqiyAtlik bolidu
388073b543374787ae2520adacec7ddc,bu hayat waqtida vac kOzlUk qilip birawlarniN mal mUlkini vOziniNki qiliwalGan wA mehnAt qilmay kUn kAcUrgini vUcUn vOmUrwayAt xu veGir taxni dUglitixkA mAhkum qilidiGan karnfelik vikAn
13d19d5b20734fda9ec984a41160b659,toqsan tOtinci rAsmgA qarisaq quyuq saqal burutluq qaNxarliq kOzliri coN coN kAN pixani kAlgAn bu vadAm bexiGa xilApA vucsiGa vesil rAHtin tikilgAn yumilaq taqiliq yolluq kalti yAN capan vicigA vuzun yANligik vastida lAylimisi bar kONlAk sidam tambal bilAn kalta qonciluq vOtAk kiygAn xaptul tondurulGan legAnni tutup saHawAt qiliwatqan qiyapAttA tAswirlAngAn
5a4727eef32a4fef9e5a90698dffc5d1,hAr haz gezit botkisi vacamsAn ya
d909b0da444041cc9d5304ae7e9c1985,vorida tardux qalGanniN yami qalGanGa vuxtumta tujum qozGuctin vAnsirAp jawwaNGa vikki tUmAn qoxun bilAn mudapiyAdA turux dAyju baxpuGi HAnHuaN yuNkaN tOrsi lyawwaN weju vaymaq begi luloN qatarliqlarniN piyadA wA vatliq bolup bir tUmAn kixilik qoxun bilAn HiNvAnni saqlixi toGrisida yarliq ciqardi
75669628f07b49459b1bc79c07a96c0a,ziyadun nAzArHan GujamniN gUmbAzlik qAbrisigA kelip vattin cUxUp tizlinip volturdi wA vAlhAmdu bilAn qolwalAhu vAhAtni voqup kirahAt qildi
c06efe8993e54f9d99532da53bfdbad1,vAskArtip vOtUxkA tegixliki dora pUrkigAndA coqum maska taqap mAxGulat qilix kerAk
107f853e0e794875b4429d58c335f4e3,xuNa kixilAr niotonGa voHxaxlarGila tAxna bolupla qalmay cekspirGa voHxax xahirlarGimu boyilGa voHxaxlarGila vAmAs rapayilGa voHxax rAssamlarGimu kantqila vAmAs betHoyunGa voHxax muzikantlarGimu darwinGila vAmAs karlelGa voHxax vAdiplArgimu tAxna
335f350895b64ac9b5fb2ff51b732f5d,caHmiqi buzulup kAtkAn gaz vocaqlarni vixlAtkAndA vawwal sArANgini yeqip vandin gazni vecix kerAk
a614122295214e689394a37c4035117f,bu valtun dAwr von bAxinci vAsrniN votturiliriGa barGanda hazir biz vatawatqan belgiyA lUksemburg wA gonlandiyA nederland dOltiniN katolik deniy mAshipidiki vispanlarniN vixGaliyitigA qarxi kOrAx qilix dawamida zawanliqqa yUz tutqan
ce244dcd64364d579d97df273d7bc2ba,meniNcA bilniski cArnixweski boflar bolmiGan bolsa poxkinciHof tolestoylarmu mundaq yuqiri xOhrAtkA vigA bolalmiGan bolatti
f5a927df0ddf4195bf6c9a57092bb22f,vuniN yirginixlik caqirqiGa qarx ciqqan kixilArniN biri pUtUn hindustandiki vAhli hAdis jamavitiniN rAhisi xAyiH vAmrtsAriy vidi
8fb2b6a6833141d2aec2b05ac173e52c,fezeyzir kUlUp ketip vohoy mAn vuniN namini veytixim kerAk xundaqmu vundaqta nam degAn nemA nam deginimiz mAwjut yaki hecbir mAwjut bolmiGan nArsilArni bildUridiGan sOzni kOrsitidu
75ae83f88c1647ab96ac1adc642f49b6,bir vadAmgilar qariwalmisiNizmu bolidu vAtrapiNizda yigit degAn jiq kimgA gAp qilGiNiz kAlsA xuniNGa gAp qilalaysiz kim bilAn voyniGiNiz kAlsA xuniN bilAn voyniyalaysiz yalGuz qizlarniN vAtrapida pArwani bolidiGan voGullar vaz bolup qalmaydu
a1063bfea4bb4788bb153a65930bb9c8,bAyliltuNniN von bAx persAntlik nAmlixcAn paraxukniN tOt yUz gram bilAn yUz kilogram vuruH dorilansa valdinrixx yoqitix vOnUmi yaHxi bolidu
3002d25fd11e4bafb92462e3c7413faa,nawa vOzhal rak cAbiyAt pAnjigah muqamliriGa rAmAl bAhridiki GAzAllA selinGan
fd3dc988cf994287acf53a1761a1e646,misirniN moftisi sAyxA mUkini vay kOrUlmigAnlik vUcUn ramzanniN pAyxA mUkinidin baxlinidiGanliqini veytti
42f842e5736d4ab2b3ce7b8a2fa558e5,gUli bezAm HorazGa vAgAxkAn mekkandAk vuniNGa yandixip maNdi
3edc7e0f80d64f1d984595b9a349af69,valfrd jAmviyAttin biHAwAr halda bAxi vicigA tiqiwalGan ziyaliylarni vAypildi
3fb51524524d43ceba7cf3ed25b8a888,muzat welingi portiGa kOcUp fof vordisdin yiraqlaxti
db35629bed2e485b87089c5311f635af,vordida yigirimA vOylik naGrici bolup vular valwan yasaq tapxurmayti
2702edee9f0a48bb8593d475074bcf0d,vular ta hazirGicA tOmUr vUjmA degAn gApni vaNlimiGan boluxi mumkin
a0cbf9ed5fe34170b00928cab87c2384,bAdAndiki GitiqliGuci hormilarniN kOpeyixigA vAgxip folekol yetilixtin toHtap qalidu
3657ca7194244e898c843da007b973c8,mawu qoyumicilarniN vustiluqini kOrmAmidiGan dedi sawutaka veGir vofsinik vOzUmniN qocqirini vOzUgmu setiptu vAmAsmu
791b371fb80740348ef860e89b556911,mullaxAwkAt vawHunumdin pAjmurida bolGan qurvanni qandaq qilix lazim dAp soriGan toqilAk xaNyo bilAn bizniN vosman hajimkAn
b7bc9a7ccb54469d89a8454ba443500e,car rosiyilik vekspedisiyici perJualeski bilAn vuniN xagirti kozluh munazirigA cUxti
8dfbbe05a8e04befbf4084bf503b9bb5,franik kedson vANgliyilik qoxaq tAtqiqatcisi bolup vu bir miN toqquz yUz von bAxinci yili velan qilGan vANgliyA HAlq qoxaqliri nAzAriyAsi namliq vAsridA HAlq qoxaqlirini tOwAndikidAk tUrlArgA bOlgAn
43371640c820412ab9aa5d95f6e7fc59,vamerikidimu muxundaq vorun bolup setifen Hadli degAn kixi dAl muxundaq wAzipidA vixkAn
7330e073c4f24a89a21f08a26d13e435,wu balilar vAmmisi yaHxi kApsilAr kONllUk voynap Hoxal Horam qaytixiNlarni vUmid qilimAn
7d535069db864f7d99cc14b5ee42eafe,cUxAndUrUx namida kAxpiyat yaki vAmiliy yeNitip veniG wA mukAmmAl cUxAndUrUlUxi kerAk zOrUr tepilGanda certiyojiliri qoxumci qilinixi kerAk
29011958bb7a4a85876086bcedc1d58e,bahalAnki vAnA xu haxamiAtlik zor paraHot vatlantik vokeanni toGrisiGa kesip vOtUp nyuyorkqa berix sApiridA bAHitkA qarxi muzdaqqa soqulup cOkUp kAtti
a2a194ee79834136bbdf98bfb428bcad,vOz dAwrniN kAN bilimlik valimi pUtUn vOmrini bUyUk vilmi vixlarGa beGixliGan yetAkci bilimdani bolGan mAhmud qAxqiri tUrkiy HAlqlAr yaxiGan kAN juGrapiylik davirdA von nAccA yil vaylinip yUrUp sansizliGan yeziqixlaq wA xAhArlArni bipayan taGu yaylaqlarni HilmuHil yurtlarni kezip vOziniN bizniN dAwrimizgA qAdAr yetip kAlgAn bibaha kitabi vUcUn materiyal toplap yUrginidA yuqurqi vAdAbiy yadikarliqlar bilAnmu vucraxqan
d6fff3f47c9d43868dc989e59ef75912,pariJliq birAr mehman rotxildaq wA lafetqa voHxax vApAndilArni tilGa valsa somyoraliqlarniN bu vikkisiniN grandi vApAndicilik poli barmu dAp soruxi tAbivi vidi
493c730ac0624d469f935e03f48c8556,ciNgizHan qomandanliqidiki moNGul qoxulliri hazirqi Hibiy vOlkisiniN wUncAn navisi vAtrapida jorjet cArkArdisi Gixla Guxowur qomandanliqidiki miNlAxkardin tArkip tapqan jorjet qoxullirini tarmar qildi
b2072b4b4f8449f8a8572e21601746e7,taN vetip qarliq coqilardin cecilGan quyax nurliri vaq xayiGa besilGan zArdAk yaltiraxqa baxliGanda bUtUti jilGisi Huddi vuzaq yillar vuyqiGa bAnd qilinGan tilsitmatdAk jimjit yatatti
fa87cbff33d045c199e9bc08e7c83bf8,vu dorigArlik jAhAttA qAdimqi tibbiy kitablardiki nusqilar wA vOzi tAjribidin vOtkUzUp ciqqan nusqilar vasasida tAryaq hAbibi jAwdar hAbibi vazraqi komolisi polat kuctisi simap kuctisi pUtUn bAdAnni kUclAdinduridiGan bizA qatarliq vesil dorilarni vijad wA vaHtira qilip Helqni dawalap kesAllik vazabidin qutulidurGan
9b251fbed4bb4961a1d678cb9ac5c0ff,daliyA kastroGa bAx voGul toGup bArgAn bolup vular vanHavil vantonio valHandro valkxis wA valkis
b7eb6608d4e14e80bd0c9ce3aef9677f,yoldax Hujuntaw vislahat veciwetix wA zamaniwiylaxturux quruluxni jasarAt bilAn vilgirsUrUp juNgucA sotsiyalisip vixlirda yeNi wAziyAt yaritip markizimniN juNgulaxturulGan yeNi mAnzilin vacti
95a6fb5e5cde44e09daf0b05c4b7e657,vAqilniN turar vorni miNdur halbuki meNA Hataliqqa yol qoyGuci wA vUzlUksiz yeNilinixqa yeNilixqa vintilgUctUr xAytanniN wAswAs vornidur
c689d2956e6443e6a8678879c7dbffa2,yax jaGlirida vu mAdrislArdA vijtihad bilAn voqup vaHinumluq dArijisigA yAtkAn
38061166e853470e9091086acd59b11c,vu waqitta hAmmA yaq qorup qaGcirap birArtal giyahmu qalmaydu bir temim su tapmaq zAmzAm tapmaqtinmu tAskA toHtaydu
50c93641a7c245dab0082c8523079a43,HAlcAm vislam dAlilqan mamiqan HojiHan hakimof vasanbek turdi jaNxumiN vabduqadir nAsridin yawyoNfiN serji xeripHan qatarliqlarmu kollUktip qutluqlax pavaliyitigA qatnaxti
eb898e68e06a435ebe05f53b614f773e,xebah dawalax mArkiziniN bayanatcisi vUcinci noyabir sabiq zoNli xarun bUgUn salamAtliki nacarlixip yUrAk zAhiblAxkAnliktin yAnA veGir kesAllArni kOzitix vOyigA yOtkAldi dedi
924c8c1bb95b482ab1b05458234340d2,bu kOldA birAr beliq sudin xoNGup ciqmaydikAn kAsilAn cUklAr qoyax nurida vissiq demaydikAn
5065fe226078431395cecd86f544c1df,nAsrdin vApAndi xAhAr hakimi sAvit vibrahim sultan hAdiyA qilGan vOydA volturatti
dad6dc869e9c494b94a57a01aa0fcb91,danisiniN coN kiciklikini xtangen serkol bilAn vOlcAxkA yaki tOxUkniN diyametiri voHxax bolmiGan vAglAk wA soqxaq tOxUklUk vAglAk bilAn vOlcAxkA bolidu
41de4ed169274fbabdad3b6b80e1a52a,vaq niyAtliri vUcUn Huda silini mANgU vAziz qilGay bina qilGan yurtliri nAwrA cAwrilArniN jAnniti bolGay
ad0265a2d67144d383e602901b226e0b,vAlxir nAwavi mAjalison nAfaviz wA nAsavimul muhAbbAt namliq vAsArliridA vucur berixicA vuyGur vAdAbiyati klassikliridin biri bolGan xAyq zadA vatavi vAhmAt yAssAwiyiniN qerindixi vismavil vatiniN voGli vikAn
b82f6619dff44d139de5cc66aa3e4171,tragidiyA negizidA vuniN yazGini xevirdin kOp halqip kAtkAn yAnA bir vemaktur
1687220ab626428f8fdf52964783e630,gUldUr gUp qilGan qattiq vawaz bilAn lift vadAmlArniN qiyaciyasi vicidA vastinqi qAwAtkA cUxUp kAtti vicidiki vadAmlArniN hAmmisi qaza qildi
d1ae2708fcd74012903d2a77adbee626,Geni jUmAniN vix vizliri daGduluq tAxwAq qilindi
a0ced4dcdb8d4e3f844196c5dae43731,hAy balan toHtat maxinaNni bu mohispit kixiniN sOzliri vidi
5349b88e3e1046bda98bb383d1595c21,xu yili teri vixlAp ciqirixqa kerAklik stanuk frankforttin GuljiGa qarap yolGa ciqqan
c8f4791db0fe4e679dbffc9c0668d1d4,bir kUni yUsUp vApAndi pidaviylarGa geri dUn moladun velAri varix degAngA voHxax sOzlAr bilAn tUrkcAk komanda beriwatqanda qasim vApAndi buni kOrUp vaplahu vAkpAr biz tazimu kecikiptimiz dAp voylap qaldi
8bbf17c0fcaa459bb8d67f9ad7424afb,vAlikinci yillarda bu rayonda tOyUz vatmix miN gektar toGraq qalGan
b5d960ebc40549f098da5a39a54de3b7,bir kUni vu mixka lewgcokof bilAn kekirtAk siqixip qeliwidi voqutquci vuni jazalap vOygA tamaqqa barGili qoymay mAktAptA velip qaldi yAnA kelip box qalGan sinipta xoHluq qilmisun dAp yoqur yilliq sinipqa vAkirip vAN varqidiki vornidiqa volturGuzup qoydi
62925ac58b024d729ac24fd96196c864,bultur tAxAbuskarliq bilAn cutyAn mewicilik xirkAtliri bilAn valaqilixip tOt dona hOl cilanni yeNi peti saqlap cilanniN qimitini vaxuriduq
6a89ed32354e4ec190a15452fae14255,vataman sodigAr yOJni wAy paytaHtigA vAwAtip vikki baxaqni vordiGa hAdiyA qildi
3cb47a15c8984420b4b235f3ec7642f9,voGlaq vetiniN kOksigA vesip qoyulGan qoNGuraqliq pUpUkkA voHxax Henim bAgniN kOksidA dirildap tUtUrdi
642f5d398411488f86e8cf1bcb63a813,tAxwix Huddi german pAlasopi martin haydikir vOziniN mAxhur pAlsApA vAsri mAwjudluq wA waqitta kOrsitUp vOtkinidAk hazirqi mAwjudluq bilAn kAlgUsi qAlp votturusidiki zitiyAttur mAwjudatniN bu dunyada boluxniN vAN mahiyAtlik halitidur
cec196ad05e94b40ace704592183c2c8,vi paliwinim jolbarisidi jANdiN ba dAp qaGaqlap kUldi vOydin ciqqan gAwdilik vadAm
67c52fdafc2d464d8886fab8753c57b3,vuniN xarapitidin nini vixlar bolup muskuwiski bobruk koNka velektrlar pAyda boldi
85ff24e2dc994beb81b448be72ac05d7,vegAr jabduqni qol tuqmax qilip vAxAdti hAyran qalsizuy
c1e22dfb949a45918fb4b685e73d4ced,bu qoxunniN tArkibidiki vaq vorusilarGa birincA jahan vuruxiGa qatnaxqan general papingut qomandantliq qilatti
426c72d4639442f5b60f239af1ce892f,bAHtlik nikah vuzaq vOmUr kOrUxtiki halqiliq vamillarniN biri
f78389abab644bcda9ec472a1d518f43,kelArki hAptA hawa temperaturisi nOl gradusqa cUxidu
f3a0f63c6de848dea7ba2ac1970ecf94,vAplatundAk gAp qildiNiz pAyGAmbirimiz muhAmmAd vAlAyissalam hubbul wA tAnul minAl viman yAni wAtAnni sOymAk vimanniN jUmlisidindur degAn
74199232ad824ac196a6c855ecb5fa68,somkamda benzin vambur kluc vAtwerkA bolqa qatarliqlar bar
9cef8820a0c6498e80bb8bff1dfb042e,bal yatqudiki qandin xAkillinixi bolsa seGilGan sUttin qetiqniN xAkillAnginigA hAm mistin vewriqniN yasalGiniGa voHxaydu
17699246e5554b45944930161b89017f,vottira vasiya moNGulliriniN tariHi tariHi rAxidiiniN birinci qismida vuniN xArqiy cigrisi kOsAn bilAn tarbigUr GArbiy cigrisi Gaz bilAn jekximan ximal tAripi vissiq kUl jAnubiy tAripi cArcAn bilAn sariq vuyGur deyilgAn
fd058cf2bca143c0be62d8320789063c,Hojiniyaz haji jAnubi xinjaN vamalliq saqlax garnizoniniN qomandanliqiGa tAyirlinip majuNyiN bilAn vurux qilidu
3ad0da9fddc1486da4da8e5796724daf,salih mutAllibuh baxciliqidiki vOzbekistan valimliri bir miN toqquz yUz vatmix bir miN toqquz yUz vatmix bir bir miN toqquziz vatmix vUcinci yilliri dewano loGatet tUrUkniN vOzbek tilidiki tArjimA nusHilirini vayrim vayrim nAxr qildurdi bir miN toqquziz vatmix yAttinci yilGa kAlgAndA dewano loGatet tUrUkniN bir tomluq vindeksini nAxr qildurdi
8bb0b1903b7046589f20bed613f872e0,vafGanistan jilmand vOlkisiniN bir vAmAldari mundaq dedi
947fda823b9f41d785a6cb6c4576f162,sAhafniN Hotoni ramiyA bilAn qizi sAfAf kUtUlmigA wAqAniN yUz berixidin qorqup vuniN yenidA nerA kAtmAydikAn
ae4211ad56364b50bdd03b75afce3f21,vamerika varmiyisi tOrtinci piyadilAr diwiziyisiniN bayanatcisi mayur coslin vapl mundaq dedi
2a53a6df6da5460aad5eaa895fca3f8d,kaliforniyA vuniwersiteti qarmiGidiki dApus mAktiwidA velip berilGan bir qatar tAkxUrUxlArdin visbadlinixcA vayallarniN tenidA yiginA bAx pirsAnt may mu haddisi vArlArniN tenidA von bAx pirsAnt maymu haddisi bolidikAn
837e34afe68e47f8914cff18951d1549,bAl beGimda vuniN tUgUklUk qAGizi bar
8ac337c3a4f64dc6b7b07dcc1042bdc4,buniNda qAlAmpur lacindanA jOzniN hArbiri von gramdin taNxAlsA bolidu
3021a42beb6b475d83e6cdc32fdaac8f,vular maga bizos sodaniz qatarliq dahirlar vidi
464e7b06fa3a49998a250c5fbb1c3465,miladiyniN vikkUz tOtinci yili jurjan vatamani sAllan tuGla dAryasi wadisini mArkAz qilGan tOlOslArgA hojum qilip vularniN zeminGa besip kirdi hAmda qaNqinlarniN bir nAccA qAbilisini xuniNdAk hollarniN qawduq qisimlirini vOzigA qoxuwelip tuGla dAryasiniN qirGiqidiki vOtUkAn teGda bargah qurdi wA vOzini curtuG qaGan dAp vatti
2d9349715bce46e181df87322d3bc15a,xuniN bilAn vularniN sOzliridA yalGuzluq fAna vittihad birlixix hulul sukur hossizlinix sAwgA sAgAklik kAxf varif vAhwal maqamlar degAngA voHxax vatalGular mAydanGa kAldi
c64cf11feb7744a2afa0161d813b7b9b,vu biri bilAn muqum varilatsa nAdA turduN nAdA yUrdUN dAp soraq qelixidin vAnsirAytti
d7df37b2a4e5403cb918c6a7f5eb9383,sabiq sowit vittipaqiniN vaHiriqi zuNtuNi gorbacif car rusiyAniN vaHiriqi padixahidin pAqAt bir santimeter vegiz vikAn
c7ea1743be364dd9a1411fe4a1599962,cirtiyoxliq standartta kAsmA kOrUnUx pUtUn kAsmA kOrUnUx yerim kAsmA kOrUnUx wA qismAn kAsmA kOrUnUx dAp vUxtUrgA bUlUmidu
9eec1dae0934475199dcd2149b1674eb,vUjmA tayqi bilAn vatni kUcUmniN baricA bir nAccA qetim vurdum
9774fadfd2264ed683fbad95308f9295,vAmdiGu bolGandu dedi hajim sawut vakaGa pulini berUwetip hUrpAygAndAk qarap
971ca79ec1f941218c77927c022fef45,mawu qoymicilarniN vustiluqini kOrmAmdiGan dedi savut vaka veGir voksinup vOzAmniN qocqirini vOzAmgA setiptu vAmAsmu
d135c8280a474b9484c35122b76ee7d3,komanlar sOyUmlik yolbaxciniN pajAlik vOlUmidin HAwAr tapqandin keyin dArhal vOylirini yiGixip vulaGlarGa vartip mallirni hAydAp donay dAryasiniN tUwAnkA veqinidiki rotqa qarap yOtkUlUp bulGariyA padixahi kalowdin panaliq tilidi
eaf7453478be41478c0781259af61b9e,nayilik HAlq hOkUmiti bu yil vatmix duyah saffuh qocqiri setiwaldi
83cc5ea122ce4757bf4200d211380905,millAt gAwdisidA mAhkumluq rohsizliq cUxkUnlUk nadalliq qaxxaqliq tApirqicilik qanavAt koyluq xUkUrcilik hAsAtHorluq HoxamAtcilik zinahorluq villAtlir veGir
2dafc890534e4033b992acc8570312ee,vortaq bolGanliq sAwAblik hAr birisiniN vayrim bir jUzi hesablanGanliqi vUcUn hArbir sOzdA vikkigA bOlUngAn wA hAr birisiniN hAr vikki jUzi zadiniN vasasini tAxkil qilGan bolatti
6911bc47a5a2423e9bb1266fffb0f5c4,vaqsudin ciqip dotAyniN yaliqini yalap coN boluwalGan vala baytal zorluq zumbuliGa qilip vuniN kolHoz qerindaxlirini baGlap vuridu
a60b68187f094e5b9aa68be6efdb8457,vuniN qaGa quzGunlarnimu yawa toNguzlarnimu tillGusi kAldi
357599c10c304a4b8bf66c5282cf9296,waN wuN tatatat gomgum poN poN worra qoGla degAn vawazilar kocilarda vaNlinip turatti
fb789acb03ea44e299adeaaea01dc466,valtinci varmiyA stalingradtin tartip horo niJGicA bolGan jaylarni vazad qildi
16506fa9bf384482a4cc64c244623889,dOlAt mudapiyAsi ministeri bolGan ramuz felididin vuzaqraq wAzipA vOtUgAn
06d5b6fc42e441978e4c1806b2c71b37,toHta paxcap vOy HizmAtcisigA cilimniN sUyini yANgUclAp tamakaselip kirixni buyridi
cad715b4dc744fa090aecc7ee49d99d9,muhAmmAd vAlAyksalamniN kAyindiklAr nyuton vAsa vAlAyksalam koNzi pal sAylon kolombu yenixtin markiz paster galliy varistotel linin musa vAlAyksalam cenxHaN vawGust mawzdoN ceNgizHan vewklit martinlyoter kopernik wat vimperator viskAndAr waxington qatarliqlardur
f782d1d7c2fd445f983d992d373d971e,nowgurotluq vaqsuNiklAr vicidA viHtilab toGulGan hamanla hAr qaysisi vOz valdiGa vAlcA vAwAtip kenAz dovixtin dArhal vAskAr vAwAtip nowgurutni tenixlanduruxni tAlAp qilatti
74b7095d8b824e398b5b5fee72115570,Han qizlar bOjigAn topini vatidiGan caGda vasmandiki GaziniN xorpisiGa nancilap yeyix tamasidA yUrgAn yigitlA boyullirini sozup veGizlirini vecip vaGzini cakildatqan halda xalin vaqturidu
0f65a694d0d8498791e0455fcca78a6c,sinip mAsvuli voquGucilarGa kollektiwizimliq vidyA wAtAnpArwArlik roh velimpAnAttirixip vOginix tArbiyisini vAmiliy pavaliyAtlArgA birlAxtUrUp velip berixi coNqur tArbiyiwi vAhmiyAtkA vigA kitablarniN mAzmunidin HAwArdar qilix varqiliq voquGucilarda kollektipni qizGini sOyidiGan hAr waqit kollektipniN mAnpAAtini voylaydiGan kollektiwzUmliq rohni turGuzux kerAk
d886290a91a244898c12433a2fc6b847,xinHAy vinqilabiy qozGalGandin keyin manjola yasinip qacmaqci boptimix HaNjoluqlar tArAp tArAptin carlap gumanliq kixilAr yolqup qalsa vuniNGa jubAy juxiju toqquz yUz toqsant toqquz dAp veytquzidikAn manjola bolup qalsa vular jAsmAn gubAy guxigu dAp voquydikAn
d84cf270a1b24b4487e55303098783e8,bu vaqlar vikki qolini tAN liNixtqandin keyin vatavanilar vawwal baliniN vikki qoliGa voyuncuq tutquzup vuniN qolini tutup vikki qoli bilAn vOzra voyuncuqni vOrUp vawaz ciqirix kerAk
64685ae5c4f7457bb87c9c8c523a4bbf,seHta bircka gamborg qatarliq mAhsulataniN purqi hOppidA puraytti
4e679595f4294e96b49f4fb4a7cc6d9e,hayatimniN qopquruqluqi velip kAlgAn kAypiyiq bowucluq vecidA bir miN toqquz yUz toqsan vikkinci yilliriniN kUz vaylirida qAxqAr wilayiti yopurGanaahiyilik birinci vottur mAktAptA sawaGdaxlirim bilAn voqux wA jAmiyAt tAkxUrUxkA HAlq veGiz vAdAbiyAt tAkxUrUx paraktikisiGa cUxtu
6ad3462e15604c7f8880e9376d28e484,vigAr jabduqni qol tiqmax qilip vAxAdi hAyran qalsizuy
11fd33806ee64ba3a882c56113ba3700,bAlki vularniN gOxliri mawu cirayliq yayli quyruqliri bilAn mANgUlUkkA Hoxlixar vularniN qizilqini yad yArlArdA yArgi seNAr
14afe0a1b0af4a6da2b4374abda1a341,va fuxyAnjaN bu gAp muniN vUc kixigA Hujam HAlptim vApAndimgA qaritilGan dedi
29f69feca9f645c5917766b2637482e9,bizniN qurGan partiyimiz juNgu kommunistik partiyisiniN bir yacA vikkisi bolup qalsa dAp voylaymAn
1ff1787330c94383a240459002f661fc,koNzi tAlimatiniN tArGibatcisi bolGan heliqi danixmAn bax katip tawmin yOnimu vasman HudasiniN dArgahiGa vAwAt vetimAn
ec9b68f0760e435d8edfc8bc600ebcd3,pUtUn vOyniN vOgzisini bir tal yoGan yaGac kOtUrUp turidu
3e85182a05ae440788326cc1170da01b,vularniN gUzAl kAlgUsigA tolup taxqan vixAncisi bar
95aae9646d80469fac44146846ba5ce2,hAmmimiz tAsirlAngAn bundaq pAzilAtlik munasiwAttin xatlanGan halda vaxHanidin vuzaxtuq
43ca8129915f40f0ba88c88b7a0786ee,vular kOcA kOcA ciyAnfodoN wANfuxya qatarliq jaylardin vOtUp telAntaG vAtrapiGa kelip vorunlaxti
68f079a898e941e8b520e3ecd57d751e,vular vilgiri muxu rayonda yaxiGan negrolarniN dAslApkitipi varilixip kAtkAn vahalilArgA voHxaytti
41a524807da04e4a8b7de7949164b0d5,vAmma votGurmix wA vOgdUlmix wA padixahniN qimmAt qaraxliri voHximiGan vasasilar vUstigA qurulGan vidi
c961262cdcb34224a59574b262d74161,vucur dAwridiki tariHiy tAtqiqat herodot wA simacAndin tartip baxlanGan yazma bayan vusuliniN dAl vAmAslikini kOsAtti
e6ea582d94b845fe80ab55b9732401a6,vikki miN valtinci yil toqquzinci vayniN von bAxinci kUni vottur vasiya mavarip mArkizi qazaqstan dOlAtlik kutupHana wA muHtar vawizof namidiki muziy birliktA diwano loGati tUrkniN rusicA tArjimA nusqisini tAqdim qilix murasimi vOtkUzdi
7bd99422600f4c648178e5e059c295da,kariN nemA balaNza vakaNniN yaNjisi barjumu tizrAk berip hajAtHanaNni tazliGina boNqux dAp warqiraptimAn vacciqimda
efa73a07f6e741988ba3ba6d1374df05,xinjaN vopera vOmiki vorunidiGan coN tiptiki muzikiliq teyvatir mustaqqa kAlgAn mehman beyjiNdin tAklip qilinGan daNliq reJissor ceNwi HanimniN yetAkcilikidA bir qisim jayliri qayta vOzgArtirilgAndin keyin pad varda mAdAniyAt ministirliki tAxkiligAn mAmlikAt boyicA von nadir teyatir vAsrini tanlax pavaliyitigA qatnaxturulidikAn
42ec26a571a548da9a8148f0199019aa,vikki pirsAntlik metilwyolidin solfaglit sirin GuwangAn yo bAx pirsAntlik tramissin mAlhimi yaki pensilin vufradsilidin mAlhimi qatarliqlarni vikki kUndA bir qetim sUrkAx kerAk
639d0205938e447684fc156ab3bc4a05,toxkan pastrelyos kesilini pensilin srptomedsin sulfanilamit qatarliq dorilarni vixlitip kesAllikniN valdini valGili dawaliGili bolidu
53832fbfd99e42d682b7757fe6cae081,xotlandiydiki kona vaqsiNAk vavilisidin bolGan robertbulus mAzkur kinodiki heliqi sesip ketidiGan qeriniN voGli vidi vAmma heligAr xadda pacaq vedward Hanliqini yohan balivowerGa bArgAn bu vixtin keyin vidward firansiyA bilAn vurux qozGap xotlandiyniN padixahini firansiyigA qarxi vAngiliyigA yardAm werip vAskAr ciqirixqa mAjburliGan vAmma bu padixah vuniN gepini vaNlimay vAkscA fransiyA bilAn kelixim vimzaliwalGan
dbb5d27672d945cb87c8e812e6ff79fb,sAnvAt qol tAkkUzgUli bolmaydiGan nArsA vAmAs vunimu vadAm wujutqa kAltUrgAn wA vOzgArtkAn nArsA
7340565d95f045539f44a87900f39bbb,xavirniN pulGazar ceriklAr bAtHAc yepAk yurtida noruz qatarliq dastan hikayliri mAmlikAt vaptonom rayon dArijilik vijadiyAt mukapatliriGa verixti wA vuniN munAwAr xevirliridin tUzUlgAn dehqan bolmaq tAs namliq qapliq vOnalGulintisi nAxr qilinip nAccA vonniN nusqa tarqitildi
334735b5103949d69f058c6188ebd03c,meniN voyniGan topumni kOrUNlar
f77ad9edfc2f4c89892e23abe094b330,yigirmA sAkkizinci kUni yuxurun tAhdiptin Hali bolux vUcUn cercil paraHut vAtritini ximaldiki ximaliy deNizniN tomanliq skapawHlow vorux bazisiGa yOtkidi
20cfda23bb574edf8b9be0dfc4fc4ea5,vAgAr yAn sulalisiniN tariHini cindin tAtqiq qilmaqci vikAnsilAr tojyAnapuniN vana tilini bilmAy bolmaydu
206147ab1733403e8ad0553d13e4ba00,vAmAldarlar vApcAH kirAksiz miltiq yaraGlarni setiwilip vAjnAbiylArniN konurap vixtin ciqqan nArsilirigA yol tepip beridikAn
fb7ef44de4a54ff3a3946317647905b8,bu bayramniN tAbivAtni kOylAxtin vibarAt zoHxuq bAzmA vusulliri rawajlandi
3c2f9950195245e58ead3ca3223c3bba,vu bir mAzgil pir vustazniN HizmitidA bolGandin keyin yurti HotAn laykusqa qaytip kelip HotAn HAlqiniN saqliqni saqlax vixliri vUcUn jan kOydUrUp vixligAn wA nurGun qimmAtlik vAsArlArni yezip vuyGur tebabitigA vOcmAs tOhpilArni qoxqan
e21365a7ea3746018c79e384c7c6c47c,vastronomiyA jAhAttA Hubbili durbuni valAmniN zadi qancilik coNluqini mOlcArliyAlmigAn bolsimu vAmma yAr xarida turup verixkili bolmaydiGan nurGun vastronomiyA vucurlirini yAtkUzUp bArmAktA
5940cb82e746489599c9c1e3d689c06b,dAHli tAwrus qilGuciniN ziyankAxlikigA vucriGuciGa tOlAm tOlAx mAsilisi toGrisidiki kelixim bilim mUli hokuqi delosida ziyanni tOlAxkA hOkUm qilixniN vomumi pirinsipi
004f1fa99f4a4f97b63052a665e5c6e1,vu horlandurup dawalax dora sOyigA celinip dawalax boGum varliqiGa cUxkAn suni tartip velix dora tartix xamcA qoyux qatarliq dawalax vusullirini qollinip yaHxi vUnUmgA verixip kAN HAlq vammisiniN qollixi wA hOrmitigA sazawAr bolGan
7db7a2b321294fbe8ddc170f88ca1457,bu yil vatmix tOt yaxqa kirgAn burmiHan moldow vuluGcat nahisidiki qirGiz carwici bolup von toqquz yexida qaracal dONgUrmA bili taG veGizida cegra qoGdiGuci bolGandin buyan yaxliqni wAtinimizniN cegrini qoGdax vixliriGa vOn tUnsiz beGixliGan
6694321fea7e4af48d268b4fdebf7ddf,toqquzinci vayniN von bAxinci kUni yAtmix yaxliq cemberlin tunci qetim vayroplanGa volturup yAttA savatlik vuzun musapini besip girmaniyiniN vAN cetidiki bircAtexkadinGa qarap vucup vUcinci vimperiyAniN baxliqi getlir bilAn kOrUxUx vUcUn maNdi
9398380c066a4707a8173d89492e670e,bu dOlAt kUcAygAn waqitlarda territoriyisi sAdicinni pasil qilip xArqtA lyawHiGicA GArptA pamirGicA ximalda bayqal kOlgUcA sozulGan
05ecb6ca85a341728056c798762e5ec7,vistetik tArbiyA voquGucilarni mustAqilliq rohinni qAdirlAydiGan vOz vizzAt hOrmitini saqlaydiGan valijana pAzilAtni yetildUrUp vOzigA vOzi Hoja bolux barabAr boluxqa caqirip voquGucilarniN jAmviyAtkA bolGan mAsvuliyAtcanliq tuyGusini tiklAp xAHsiy pisHikisini normal tAraqqiy qilixqa yetAklAydu
e87f783ec1ee43ceb7b42c10401b4ace,turmuximizda vaqmux qarimux zAnjwel qowzaq darcin moza qatarliq vissiqliqqa mayil dora dArmAklArni yumxaq soqup terA yUzigA tAkxi cepilidu
98741af5f06a4676bf03e7b93e14841a,gUzAl sAnnAt dArsini vOginixtA vuzaq mAzgilidin buyan vortaq tonux xAkillAnmigAckA pAnniN vonni hAddidin ziyadA vartuq tAkitlinip gUzAl sAnAt kAsbi bilimlirigA wA viqtidarlirGa hAddidin ziyadA vAhmiyAt berilgAn
d4d3d9724c5948dab35fa21212cd20df,muvawwAn komitet baxliqliridin tiy yeyiN ciNswey jalo jiNHua xowlen deN xisUn yoNxaN voyuncemmik yeGinGa qatnaxti
0d1374f527b248828f59118783fe827b,qitanlar tinjitix waqtida wuzitiyAn yaw yUnzuNniN talantini bayqap vuni somruq sariniN yandax bAglikigA vOstUrgAn keyin dOrinjinniN bax wAzir qilixqa bolidu degAn tAxAbbus boyicA vayal padixah vuni Hanliq muhAkkAlikigA tAN vAmAlgA vOstUrgAn
abf13f9193e04eada6523790d79230d8,zAhArlik vOsUmlUklAr tArkiwidiki zAhArlik maddilarniN tUri Heli kOp bolup vasasliqi vorgani kslata vOsUmlUk vixqari floris vefr qatarliqlarni vOzicigA validu
7e4a435e2a4e435f932124b53d41cee2,wey Hanix xaNguAnwAn bilAn caqcaq qilixqanda bu Hil hesiyatni bilgAndin keyin vOziniN burunqi vaxnisi vu sAnsuni wey Hanixqa kOrsAtti
cf2c5879a1284059ac975a6c7e71db0d,bu varqa qoru cawziniN momisi nAwriliri vadam bilAn vuguGa kOmqonaq terGan jay vikAn
3cdead901746425b9f8c8111d87ce315,nAsrdin vApAndi xAhAr hakimi sAvit vibrahim sultan hAdiyA qilGan vOydA volturax
21c9753339944fc38c6ddbde16c3d569,bu valtin dAwAr von bAxinci vAsrniN volturliriGa barGanda hazir biz vatawatqan bilgiyA lyUksemburg wA gonlandiyA liderland dOlitiniN katolik diniy mAzhipidiki vispanlarniN vixhaliyitigA qarix kOrAx qilix dawamida zawanliqqa yUz tutqan
7f2a9dca17ed4702be14c1d0e272ec6c,vArlAr hOkmranliqi pAlsApA tUzUmidiki bir qAmiyAttA bir vayalniN viddiya jahAttiki zor tusalGilarni yeNix vUcUn qancilik jasarAtniN ketidiGanliqini xuniN bilAn birgA valahidA viqtidar wA siyasiy jahAttiki viqtidarniN kerAklikini kOrUwelixqa bolatti
38a593e1910d42d3ac49cd9008c0061c,kuxAn yawGusi tOt yawGuluqni vOzigA birlAxtUrUp hArbiy jAhAttin yetArlik kUcAydi
7caf467f243445168f18b06f77bc7bc2,vu bAldANxip dUgjUp yUrUp tArtigA varan tAsi ciqatti
339c298e14404fc7909922a26873ecfe,kAxmirniN mArkizi muzAffAr vabadta yAttinci vOktAbir Hatirlax pavaliyiti vOtkUzUldi
b74a5f2553374f9ebf2a03eca582eddf,kAxtA tamaq beltimizniN vAmiliy vAhwali qarap vikki gramliq birAr zaGra yaki kahcA valattuq
4506585a9dae4794b4d11029dc1cb945,xu yili teri vixlAp ciqirixqa kirAklik vistanlok frankforktin GuljiGa qarap yolGa ciqqan
9d10cce1c14147a39ce927e46a7b4643,bAzi vixlArda hAqiqAtAn bizniN mAsvuliyitimiz bar bAzi vixlArda hOkUmAtniN baxtartip bolmaydiGan mAsvuliyiti bar hazir bolupmu jAnubi xinjaNniN hArqaysi nahiyA yizlirida vayallarniN yaGliq kOnAklirini mAjburi tartiwalidiGan vularGa jArimani qoyidiGan vularni qanunsiz solap qoyidiGan vAhwallar yUz bArgilA turdi bundaq vixlArni siz bAlki muxu yArdin baxqa dunyaniN vu burjikidimmu tapalmasliqiNiz mumkin
41768cb861ff451c87ef7d521a02b7fb,yAnA dacixUy HAndaN xiHi boliNg xawxixyAn saNxyaN cinxUy qatarliq caN vAlliri bolup vularniN vOrUp vaditi qopal deNji caNlirinikigA voHxmaydu
548adbd22c734c14b4b1d067eeb4ed32,wrAngil basmicilirini tizdin tazlax vUcUn partiya mArkizi komiteti GArbijAnub frontiniN qirim jAN mAydanini mustAqil jAnibi front dAp vayridi wA qararni vorunlaxturuxqa sitalirni mAsvul qildi
4aeb396a37114405b45becd05a62f85e,mulut vuni dAryaniN quyulux veGziGa baxlap kelip jadugAr turidiGan vONkUrniN vUstidiki taqqa ciqip valtun bilAyzi kUni velip deNizGa vetiptu
1021a66c87f042ea949406ee01e77205,misirniN muftisi sAyxAmbA kUni vay kOrUlmigAnliki vUcUn ramzanniN pAyxAmbA kUndin baxlinidiGanliqini veytti
80d846f505f94ff599d82b182dce98f9,hindustandiki tOt coN xAhAr bolsa ximaldiki yeNi dehli xArqtiki kalkotta GArbtiki bombay wA jAnubtiki jinnA
8839995be0c84f00a0c795fd9bbd5954,gUmbAzcaq xaldin vegip yasalGan bolup vUsti canmuGudAk hakliwetilgAn vidi
def4cbd9b3954bfa9fee96a3ddaad569,miladiyidin vilgiriki vAllik bAxinci yili yazda galliyA gobernatori kaysar birtaniyAgA yirtquclarcA Hirs qilixqa baxlidi
4881d992a6a54f9abf94cf1217ab413a,biraq bu waqitta yAnila vozuqluqniN tANpuNliqi wA hAzm qilinixiGa deqAt qilix coNlarniN yemAk vixmAk qavidisini pUtUnlAy qolinixqa bolmaydu vAtigAnlik tamaqta balilarGa mayda pixUrUlGan tilttA quymaq poxkal qatarliq nArflArni berixkA bolmaydu
4764a0a6f2094e45a4d8c2e88f1b7d85,dAl xuni kUtUp turGan valmas caqqanliq bilAn taGarniN vaGzini boGdi vala boynaq dAslAptA bir vixkini GiNxiGandAk qildiyu taGar vicigA valdin selip qoyGan yeNi coqqiniN purqini sezip coqqa Gajax bilAn bolup kAtti
27814cb909e345f3a82cb4888f43b958,mAn vuniN valdiGa kelim bolup kirgili vikki yil boldi vikki yildin boyan vikki vOyniN hAmmA veGir yenik vixliri meniN zimmimdA verim sirtqa vix kOtUr velip tamciliq qilidu
c0d9f125e34b4e41b478c8f5a8003a26,qeynatam vAtigini doppi kowlirini kOtUrUp ciqip kAtsA kAckicA mozduzla qilip vaHximi kOzi kOrmigAndA kelidu
81db8c593fb04ef0b56f0e6262ad2437,GArp mAktApliri xiwisariyAlik maarip visladcisi jon henri pestalozidniN vAmAliy pavaliyAtliri wA nAzAriyAliridin yeNi vuzuq valdi
d1cf314728124adb8a68f501542d65b9,vuniN xarapitidin neni vixlar bolup muskweski bopruk kuNka velektrlar pAyda boldi
ce5f310c1aa9497b8c4ae1387b93bc9c,vOyimizdA siz markizim lenzm toGrisida korjukdikilArgA nutuG sOzlAyttiNiz
21c776500b2143faa8fbdb95aed15f79,xahar kOydUrUxcu zAhArdAk vacciq loyla qorayni kOydUrUp kUl qilip kUlni qaynitip yilimdAk bir nArsigA vaylanduruxcu teHi
fb4ae4dec41443768810e655583f8f34,vucquci vayripilarni qondurGanda bizgA yArdA vuzaq turmaNlar dedi
b34801eea7714c999f27e0fd6f97b6f6,Huda vOzUNgA vamanAt cu savit vatqa qamcA vurup qoruq catqal varisidiki tar ciGir yol bilAn qoyundAk capti
2ebe70e20a2e42d7b858435561f0e972,veHtada vu helimu vOzini muxu yortta yArniN coNqur tAktigA Gulaxlap biyiltiz tartqan xaqliri tArAp tArApkA yeyilGan qamAtlik sedA dAriHidAk hes qilidu
538e24e43c404b57b370c9efc3700ec3,buniN vUcUn saazAc hAlilisiniN posti qara helilA seriq yOgAy bAspayAc hAcqi picAk vurGi sanalarniN hAr biri von gramdin velip qavidA boyicA soqup tasqap varilaxturup talqan qilinidu
928ee964e12b46a6a7f083d881313c63,jinxajaN dAryasidiki xaNja tosmisi su velektr vistanisi quruluxida vix baxlandi
a6f24ce8de5e4d9c9828cb6ec06c587c,vAngeliyA mustAqilliq gezitiniN viyoldiki HAwrigA qariGanda viraq vuruxxiGa qatnaxqan vAskAr vOzliriniN mAzkur vuruxqa qatnixix jAryanida bigunah puHralarni Horlap vOltUrgAnlikidAk zorawanliqini vaxkarliGan
ca728e0f269f43d8a175406c90e3a123,solfat nilamit tUridiki dorilarni vistemal qilGanda suni kOprAk vic kerAk bolmisa vasanla zArdapkesilA kelip ciqidu
44f262d48ce84cf883f800683cfbb160,hayitliq qiz mari kaxusniN yUzidA vikki kilogram veGirliqta vaz kOrUlidiGan vOsmA pAyda bolup qalGan
1acd7e517ce44e999fe82f78ae2c9133,jAnubiy yol vudun jujuf qirpanA qatarliq jaylarni besip vOtidu
efb916d4d31840dd9941321d804be0cf,vu caGlarda mAktAplArniN Hizmitini tAkxUrUx vintayin vincikA vAmli velip berilatti hazirqidAk vixHaniGa soliniwelip bir dOwA sansifir varHip bilAn jidArlixip kUnni kAc qilidiGan bola bolmas Hulas qilip vOzini wA baxqilarni valdap vOytidiGan vixlar yoq deyArlik vidi
b24836c08b584bf2baf3ec390219f071,kUn bilAn qaplanGan qol yazminiN vuzunliGi von sAkkiz santimetir kANliki von bir santimetir qelinliGi tOz santimetir bolup bax tAripigA Gerip sAnAm dastani vuniNdin keyin sultani jAmjAmA dastani vaHiriGa mewilAr wAswi namliq xeir kOcUrUlgAn
ffde2b83e04c4707877befad44aa3994,qAdrsizlik Harliq saNa wA maNa hArgiz Has vAmAs xundaq vikAn qAddiNni kOtUr vAtrapiNGa qarap baq qAlbingA vAqidA cirGini yaq mana bu nusrAt qAdiminiN viptidasi Galip wA mAAnlik hayatniN bismillasi
90c90b9f53ca4dd2b9f9a303907e3acc,vaplsin postidin bAx kram qoNGuraq gUldin bAxkram velip qaynitip vissA yaxanGanlardiki yOtAlni dawaliGila bolduq
b7c76e7f7eb14da29649759c8d8a87bd,vottrasiya HAlqliriniN vAN qAdimki vettiqadida xaman dindin vibarAt vuruqdaxliq dAwrigA mAnsUp bir Hil mupAssAl dinniN mAwjut bolGanliqi nurGunliGan tariHi kitablarda qAyt qilinGan
bc61edf980584ca286046efb46cde5fc,mAn toGulGan kUnUmdA nurGunliGan sawGa qobul qildim
251b1f536ed94353afa3504e6301dd64,vana sUti tArkibidiki vuzuqluq maddida baldur tuGulGan ballariN nisbAtAn gOAr bolup yaman Harahitirlik kicik vUcAy boGmaq vucAy yalliGuniN valdin velixqa paydiliq
637dc078cc3c45cd87ceb41ac591f008,vuHlatquci dorilardin lominal morifin qatarliq dorilarmu Humar qilidu
b13b11e39aab4b5cb8d64f05497b3123,vablabay mAHsus dewJyok bilAn nAccA yUz wadliq lampuckilarni yoritup kOl boyni kUnnizdA qiliwAtti
c144406fb0974bf6bbb0f869d7e78c6b,vAlvikinci yillarda bu rayonida tOgUz vatmix miN gektar toGraq qalGan
b0e3e14abe1e47eb891d25054b0d2d28,tUrmilArdA boluwatqan wAhxilArcA qinaxlar vadAm soyidiGan quxHanilarda vottira vAsrniN qanliq pajiyAliridinmu nAccA hAsA dAhxAtlikrAk qinap vOltUrUxlArni hes qilduratti
2e784c218d524fcb9b447060b19c30c6,birAr qAwimgA GAzAblAnsAm tUrUklArni vularniN vUstigA vAwAtimAn degAn cUxAncigA qarita vularniN baxqa HAlqlArgA nisbAtAn pAzilAtlik vikAnlikini kOrsitidu dAp vizahlax varqiliq vuyGur wA baxqa tUrkiy tilliq qAlqlArniN kUc quwwAt wA tArAqqiyAt mAnbAsiniN vAHlaqiniN yUksAklikidA vikAnlikini kOrUwalGili bolidu
74d3007968194f878f0011b702ad6148,putinniN vAtrapidiki bAzi kixilAr zuNtuNniN wAzipisidin vayrilixidin vAnsirAp vuni dawamliq hakimiyAt yUrgUzUxkA mAjburlax vUcUn vuniN GAripliklArniN nAziridiki vobrazini qunUklAxtUrUwetixkA vurnuwatidu
6c9bc70d26bb47c8885514686223eb6d,mawzuduN tariH voqux lAhcA Hatirisi degAn kitablarni nahayitA yaHxi kOrAtti
e5b3c7770b6a4264a0444ed80660548d,suN dAwridiki vorda tewipi waNHuAyin qatarliqlar tUzgAn resiplarda kesAl dawalaxqa vixiltirilidiGan vUc Hil vusul tilGa velinidu
bf18961017dd456cb66d55cd28986f9f,molilar HAlqniN cUxAncisini mujmAllAxtUrUx vUcUn lAwhul mAhbuzda xundaq deyilgAn dAytti
41939c7a33b841e7b348ab6174feacde,pixqAdAm ziyali rAhbAr vAsAd visaqof vUx wilahiAt vinqilawi mAzgilidA xinjaNda HizmAt vixligAn
d5526997a8a742f8a666a88cfafbffb9,hekmAt burutniN yardimidA vamiwiy telefon botkisidin birni setiwaldim
e242c4c92df14abf8031a1572a23a7f2,qiyamAt kUni vallah hAq subHanA tavala bAndiliridin vimandin hesab velip bolGandin keyinla namazdin hesab validu
8bdb177765f741c6b05641ba816bdde9,rusiyAdA vUc yaxliq fatGoHni tonimaydiGan kixi yoq vidi
cf0eabca01cf4a0f937038198f11668c,sto yezisidiki kicik dukanda yArdiiklAr vecitqan pApsiy kolasila bar
8fb53046076149419bdfd5fdf531d0cf,vAmdiGu bolGandu dedi hajim sawut vakiGa pulni beriwetip hUrpAygAndAk qarap
ae2e6aa2de834fad933cbca0d52a9801,mawu qoymicilarniN vustunliGini kOrmAmdiGan dedi sawut vaka veGir vufsinip vOzAmniN qoxqirini vOzAmgA setiptu vAmAsmu
258c784457794cce80d7b536774184e4,mAn kONlUm GAx halda valdimdiki konwret qArGas qAlAmlArni yiGixturuxqa baxlidim
e97794e0ffc44e59b39414ae231e26ab,hAr qandaq bir dinniN xArhilinixi vintayin qatiq vortodoksal metodini tAlAp qilGacqa dinniN HizmAtkarliri bolupmu dinniN nopozluq pAtiwaciliri vehtiyad bilAn talinidu hAm yuqiri vimtiyaz bilAn tAminlinidu
a520b063321b4247adeac0cad1f16e1f,wallon rayonidiki valiy mAktAplAr lej vonursiti yeNi lewen vonursiti flander rayonidikilAr lewen vunursiti HAnt vonursiti qatarliqlardur
76248e7abe7c46a08bc236e29e93bae1,vular yeNi vOydA qezi basqan polu yAp coluqGay sarim valmisi wA sapar vahuniN qoldapixqan xerintAmlik gulawa jada qoNunliri bilAn mehman boluxti
d19e6622a39c418dbb8984f03f70c725,dadam yamaqci kAc kUrgUcA mokidAk midirlap mOhciyip volturup derAj bilAn yeNlisigA gAp qilidu
ec8774706d74432785578c7a441d78d9,vAmma vaxuwuxan xArAplArgA verixix yolida cAkkAn viztiraplirimiz tartqan japalirimiz tOligAn bAdAnlirimiz haman verixkinimizdin kOp bolidu
4032eaa71cbf4a84994d2c5f91b2eb3e,vaptonom rayonimizdiki tunji qoxkezAk kilun muzay saGlam vAy bolmaqta
1463505e32ee4eb8bad7ddf681c5e353,yoldax muhArrir xayar tUrmisi tarim dAryasiniN ximali qirGiqiGa jaylaxqan dedi
430cea5288a241da9375f54b9800d4e6,voperasiyidA picaG tutqan wirajA coqum veGir besiq boluxi lazim
43c04e96d09d44ab8c567b8320b7182b,su vuruqciluq mAydani vAla sUpAtlik ziyansiz kOktat vixlAp ciqirixqa yUzlAndi
45f4cda701154199b47fb317e4a07bac,muxu vigiz pAscilikni voylisam dunyaniN vixliriGa qattiq vOkinimAn vadax
f6831e35edcb464d8bcb69540f3f58dc,bu hal xorlar hOkUmitiniN bexiGa veGri siyasiy bOhlaN kAltUridu
c4ca93f6050544359af3d015f8952ee7,hAr qaysisiniN muqim begitilgAn normisi bolup tOlAm dArijisi yuqir vidi dedi yUnisjan vili
2ecdb21b568c4dbb8ec25636cdefe64e,vular vilgiri muxu rayonda yaxiGan negrolarniN dAslApkA tipi varlixip kAtkAn vahalilArgA voHxaytti
a0aa425a0ba24f2d975d96475a01f3a2,rama maymun padixahi sogriwa bilAn vittipaq tUzUp maymun wA veyiqlArdin tAxkillAngAn zor qoxunni baxlap nara yaxiGan vuzun kOrUk varqiliq deNizdin vOtUp laNka varilGa baridu
2d9756f3d2084d5da527ceca94fe5253,HojAniyaz haji jAnubi xinjaN vamalliq saqlax garnizoniniN qomantanliqiGa tAyinlinip majuNyiN bilAn vurux qilidu
6bd801f9bc22449baff080e293e0f9ee,birttumluq vindikisini nAxr qilsalih mutAllibof baxciliqidiki vOzbekistan valimliri bir miN toqquz yUz vat mix vUcinci bir miN toqquz iz vatmix birinci bir miN toqquzyiz vatmix vUcinci yilliri diwan loGAti tUrUkniN vOzbek tilidiki tArjimA nusHilirini vayrim vayrim nAxr qildurdi bir miN toqquz yUz vatmix yAttinci yilGa kAlgAndA dwanu loGAti tUrUkniN birtumluq vindikisini nAxr qildurdi
3263bdcf74f54761981b11d9e3174def,yiGinida jkipi xinjaN vuyGur vaptonom rayonluq yAttinci qurultiyi muvawin bax katipliriniN visimliki maqullandi vular bAyjiji vayop teyip jaNmiNli suNHaw qatarliqlar vidi
afb17a3e170544a18e2d00ba5ca673a2,ximala vatlantik vAhti tAxkilati qismi bilAn vafGanistanda turuxluq birlAxmA varmiyA von yAttinci vOktAbir vafGanistanniN jAnubidiki voluzgan vOlkisidA talibanniN bir komandirini vOzitixigA valGan von nAccA quralliq Hadimni vetiwAtti
61e0e6dd8aec45509c444459394779c8,vanuvatu jumhuriyitiniN diplomatiyA ministri joytis weris yigirminci yanwardin baxlap muxu vayniN yigirmA bAxinci kUngUcA tAklip bilAn velimizdA ziyarAttA bolidu
ca3335b868424b099a9baf8d660c5739,vuyGur HAlqiniN mAxhur valimi talantliq vAdAbiyi tOkpikar baGweni mul mewinlik professori vabdixkOrp muhAmmAd demin vOziniN bir talay yazmilirini gUzAl varzu varmanlirini HAlqA qaldurup ziqqa kAsili tuyuqsuz qozGulix sAwAbi bilAn bu valAm bilAn HAyirlAxti
e9d89307dd444192955c464d4386c05d,valdinqilar buhrandin qutulux vUcUn vurux votini vulGaytqan
2cd650b5d2054460ae077ace15f96262,germaniyilik doHtor koH kesAllik vocqidin tobrkilyoz bakteriyisini vayrip ciqidu
00a7d34a9ccb4d8e969b2e377f2928d8,baldur mAwjudqa kAlgAn demokratiyA voHximiGan tarmaq birlAxmilAr wA vasasiy qatlamlarniN viqtisadiniN vajiz boluwatqanliqiniN sAwAbi boluxi mumkin
cb5c85c3bb34491299196b7726798ebf,xotini buzGan tanisi qizni buzGan vanisi dAp vusullirimizni buzuwatqan hazirqi gOpUr gUpilAN naHxi muzikilirimizGa xundaq muzikilarni vijad qiliwatqan kompoziterlirimizGa vecinmay turalmaymAn
0b8d906e1f33416799c230ba6a412d14,helqi von dArya von vurGun deyilidikAn vularniN vismi rArtArtip boyicA vavixliq votinkar bu qiz vuzqundur tular tardar vadar vUctabin qamlapqu vOtkAn
e7c49209d9894dcd96bb039296a79be4,vat hariwisi xenburk vordisiniN mAydaniGa toHtitixiGa bexiGa Han valiyliri qoGdiGucisiniN qalpiqini kiygAn qoGdax vAskiri harwiniN vixikini vecip kicik mehmanlarni kUtUwaldi
dba4335303914ec8afac2425da2ce95d,timsa yilan yunit yAni vat qoy becin yAni maymun taquGu yAni toHu vet yAni vit toNkUz yAni toNGuzlarniN hAr biri bir yil vUcUn visim bolup qalGan
808a9e78e8c7469399b19a791d110ff5,bu meniN vAyni waqtimGa voHxax viradilik yigitkAn dAp voylap vuniNGa HAwp HAtArgA qarimay bir muncA mAblAG selip mAHsus vOzUm soyGuc yasap setix xirkitini qurdi
c1613d5af55a452ba0f72ae52f44acb0,yAnA bir Hil mustAsna vadAmlArgA kAlsAk vular sOygA kUci bilAn vindAkkA kAltUrUlmigAn nArsini qandaqtur viltipad popoza namxOhrAt vOzgArmAx hAqiqAt degAn bir nemilAr bilAn vindAkkA kAltUrUp bolmaydu
23059390cc714d4d86a1018dee1ae2fd,burdaxniN vottira mAzgiligA kAlgAndA muwappiq miqtardaa Huruxlirini qoxup berix lazim
dbaee7798e974c5dbc3e1dd1cec2854b,Gol veriHniN yaqisidiki yawabidA varilax cUjgUn vot kAm bolsa bAx yUz baGa ciqatti
0202c5a068704bbdb308385f4c83fa1e,vaqsudin ciqip dotAyniN yalliqini yalap coN boluwalGan valabaytal zorluq zombuluq qilip vuniN kolHoz qerindaxlirini baGlap vuridu
fc9af04326ba4cfa8b67ed98c26c1ed0,valtinci varmiyA stalingradtin tartip woroniJGicA bolGan jaylarni vazad qildi
ab8b4b34d3a54de5ae0fce4e3fc6f318,bu Hil daGni von pirsAntlik finonluq sopum paraxuki yaki bAx pirsAntlik binzonluq fenol varqiliq yoqatqila bolidu
36428d12e37d4298aa97052254127998,silAr yUgUrUp ketiwatqan toxqannimu qoliqidin putuwalsilAr dAp gAp bArmidi ziwiyaga
754cbfdde586464fbae9fa2345dab1b7,buni tAyyarlax vUcUn sovidi mArzAnjUx kundur vaqaqya vArAp yelimi bir hAssidin velinidu
8c22db8731fb4732908939d9644987e6,lyAnniN vaxbAz wA zabHoslirini tAkxUrgAndA hAmmisi munAwAr bolup bahalandi
2cef62e9949b4c69a3e20716b4bd2787,buniNda vabduravufniN vAsridiki diwanu luGAttin tUrUk hAqidiki mulayizilAr sOzlAngAn
857986a01053469b9eaccf98a9dcedd9,sAvitniN siyasiy vawazi bilAn kAspiy vorni vuniN pAlAstillik Hiristiyan vArAp boluxdAk dini kimliki bilAn GArbniN vislam dinini HunUklAxtUrUxkA qarxi turuxtiki vegilmAs sunmas qarxiliq royiGa seNgAn ziddiyAtlArdur
6c30b623be174cb49f18a83dd9ef1d24,qaraNGuda dehqan vOyigA vuxtumtut colpan kelip cUxti
530a271257004d95bc76d2df4101a885,vOyimizdA siz marksizm leninizm toGrisida kurJUktiklArgA notuq sOzlAyttiNiz
a1da4bb3681e499aac4ad86b50f6a72b,vu zadniN meftafil vOlUm degAn vAsri meNAmdA bar
a336b4025b1e48368bd63e405ea125c7,dUxmAnlArniN potAyliri vakop yuxurun zop doppiliri sansiz qaramliq bilAn yoqatqili bolmaydu maharAt lazim
74e81e21443f41ef838e730180e9ff4a,general fafton sowut wAkili bilAn yAnvAngA berip judu bilAn kOrUxkAndA stalinniN mAHbiy nazarAt qilinsun degAn yol yuruqini bArdi
4a47d2a5544a468f8f506b7ac17d0c4f,yeNi xAhAr nahiyisi pAn teHnikini yezilarGa yUzlAntUrUxtA xAkilwazliq qilmidi
1949d97d620a4c489766b14986f95aac,qAhrimanlarniN tOypisi vasan qolGa kAlmigAn vuni hAssilAp qAdrliximiz lazim
fd02ff0687f14b0788091e118ff5856d,bu caGda mahir valliqacan kONlidA voperasiyA lahiyisini tUzUp bolGanidi
127bc7e8660a4de7954c7151e1717a12,zOhrA Henim hezzbAg GajiniN coN vOstAN dambisiGa ciqip varqisiGa qaridi
2b547c3d2fbe447a85396fa18f025faa,temur voljaytu HanniN qizi vaymec mAlikini vOz vAmrigA valGan wA qeynivacisi voljaytu HanGa HizmAt qilGan
8ff7b6583a44409fb10de0d2b4e2d17c,mAnsAptar vadAmniN vajizlarGa saHawAt qilGanliqini cUxidA kOrsA hoquq davirsi keNiydiGanliriniN bixariti dAp qarilidu
385870b6d0ab47f0bfd92a761576ba1b,bir miN toqquz yUz vatmix tOtinci yili yAni volimpik tAnhArkAt musabqisi vOtkUzUlUx harpisida meksika xAhridA kAN kOlAmlik vammiwiy namayix bolGan buniN bilAn hOkUmAt vAskAr ciqirip basturup bir nAccA yUz kixini vetiwAtkAn
824023339bae4bc2af0bc2d06e261434,kOrAxci vayriplarniN bax layi heligUcisi konstantin mabasiw mundaq dedi
888bc0cdb1d6454290c5d509038942f9,bu yil koptu vOlkisi juNgu xinjaN bilAn dostluq munasiiti vornitip valaqidar hAmkarliq keliximi vimzanlandi
4bf8ac07c4b54e008064f73a0f460be2,bu plAnidiki vatilar sesiycilar varisidiki vOy vocaqliq bolGanlar bolup vular gemliriniN caqirqiGa vawaz qoxup vOzliriniN varivan qan sistemisini tarqatqan
c34e5af01c1e41cc8a5b0585f9783544,sAhafniN Hotuni ramiyA bilAn qizi sAfAf kUtUlmigAn wAqAniN yUz berixidin qorqup vuniN yenidin nerA kAtmAydikAn
1e886d6f75bf40e28d13266425b75d21,keyin bombayda volduraqlixip qalGan yArkAnlik bawidun bayniN tonuxturuxi wA viqtisadiy jAhAttA hAr vayda voqux yArdAm puli wA turmux yArdAm puli berixi bilAn wAtAndax sawaqtixi hAsAn mOwliwi bilAn birgA bombayniN lakino degAn yerdiki lakino tibabAt xOyAnidA voquGan
a2d729b8abb24bf1a302c3d99f4bd538,biJGirim vissiqta taGdiki qizGuc qoNur qumxeHillar jilwilinip Huddi lawuldap vot kUyUwatqandAk kOrUnidu
6b803b518a6d4895af0b9cf1e0a30c09,vular qomandani qabuGci voGli mustabbaniN baxciliqida paytAHt vistanbulGa kirip bAygA mAydanda coN lagir qurdi
c4d7dab3d67e40f294c29d458ad4bc4f,vu gogol xedrin ceHof wA tolustoy qatarliq ross yazGucilirini vintayin yaHturup qaldi
871ca018ff1b40e1a662ba9f94c252b1,milli vitqax xunaslar valwasti mijAzini yaman kOridu lekin vOzliri konsisiyAlArdA volturup jofri kocisi degAndAk GAlitA vismlarni yazidu
e0f5c28d9bfc492cbcd5e8a49ea0d2b7,dora tUrliri jihAttA temitma ya mAlhAm jepilma dalqanlar yAni kohil sotuq zArUr nofuH tila qatarliqlarni vixilitidu
ddad6058fe32441ab72a21ce238c8a04,biz bu soluq diyarda yeNi yilni qeyiq bAygisi bilAn vOtkUzUx vaditni voylGinimizda bayqal lina dAryasi vaGzidiki ceNgizHan jilGisqa sezilGan qiyatax sUrAtliridiki qeyiq bAygisi kOrUnUxlirini qAdimki su musbayrimi pavaliyAtlirniN tAswiri dAp vataxqa hAqliqimiz
ae71fb816dfd42a99ce0dc2d34bdb3e8,velimizniN tariH kitablirida vuyGur degAn nam HilmiHil qolunildi valayluq HAnsulalisidin beri vuyGur degAn nam HAnzu tilida wuji wuHu yANH weyHi uyHi HuyHu weywor degAndAk namlar bilAn vatilip kAldi
a468ea842c6548f1acf09bfb2a4d9072,mAn konofqa vikki tanka gruppuway varmiyisini birlinGa jenup tArAptin hujum qilduruxni buyrimaqci boluwatimAn
679faed3eecb452aa1f8c4cc27c2d43e,mundaq bolGanda bayliq mAnbAsini gevolog gedro xAravitliri mAhsulas setilidiGan baziri wA viqtidari Ham hAxya yeqilGu hArkAtlAndUrgUc kOc transport wA baxqa hArHil hAmkarlixip vixlAydiGan xArs xAravitlarniN kapalAtlik qilix dArijisi vici HizmAtcilArniN turmux muvAssAsArliri wA muhit vasrax vAhwaliy qatarliqlarni veniqlaxqa toGra kelidu
842755c7df104d4c956376c49d47b9cf,bu meniN vAyni waqtimGa voHxax viradilik yigitkAn dAp voylap vuniNGa HAwip HAtArgA qarimay bir muncA mAblAG selip mAHsus vUzUm soyGuc yasab setix xirkitini quridi
d14d2273f7d04a078f633c23f54dcb7c,qalqansiman bAz viqtidari kUcUyUp ketix kesAlgA giriptar bolGan vanilar metil tvovurasil turidiki dorilarni vixlitixkA vehtiyajliq bolGanda vuniN sUtidmu dorilarniN quyuqluq dArijisi vintayin yuqira bolidu
c9881e43c1764f359d256fdb0ba02bfe,taxqirida soGuqniN xuncA qattiqliqiGa dArwazi valdidiki vikki tUp xAmxatniN qarmuz bilAn qaplinip kAtkinigA qarimay zal gUlkUrAp kOyUwatqan honlandcA mAxniN vissiqidin wA partiyA tAxkilati caqirGan matAm yiGiniGa qatnixiwatqan valti kixiniN tiniqidin vissip kAtkAndi
12cd58486abf4487a9e2b630484eea44,vistimalGa maslixalmaydiGan bir tArAplirmA vixlAp ciqirix mAblAG salidiGan bazarlardin mAhrum qilGan zor maliyA kapitali Hovower hOkUmitiniN vaktip diplomatiyAsi qoynida bAx milyon viccizGayatqan jAnnAt vamerika hazir pArdilAp bolmaydiGan sinipiy qarmuqarxiliqniN yuqiri pAllisidA turmaqta
075e34dc7bb043bb9efdb4dc392a6c49,bu qilmixlar vArzan qolay vOy bahasini vijra qilmasliq tawar vOy bahasini vAngA valdurux tUzUmgA boysunmasliq natoGra wasiti bilAn bahani vOstUrUwelix baha vUstigA baha caplax baha valdamciliqi qatarliqlardin vibarAt vikAn
4ff37effaad644348395a0194d3fdaed,bu Hul qislAt balilarda yeNi vUlgA pAyda qilip balilarGa bir tApAkkur boxluqini vata qilidu
4e26760dc95a4f0398fdb967169d11e8,danisiniN coN kiciklikini xtangin sirkol bilAn vOlcAxkA yaki tOxUkniN diyamitiri voHxax bolmiGan vAglAk wA soqacaq tOxUklUk vAglAk bilAn vOlcAxkA bolidu
5965030588b347368b188aa7df6661af,votturasiyA HAlqliriniN vAN qAdimki vetqatida xaman dinidin vibarAt vuruqtaxliq dAwrigA mAnsup bir Hil mupAssAl dininiN mAwjud bolGanliqi nurGunliGan tariHi kitablarda qeyt qilinGan
0ec903f602a74057929c622ec7f5ef70,soNsulalisi dAwridiki jaNxawbu yazGan vAmAliy vAhwal degAn kitabta mundaq dAp yezilGan daNjiN sawalsiz vidi kocidin vOtUp ketiwetip bir mAdAhniN mAdAhliq qiliwatqanliqini kOrUp qaptu
96500f6cc11744f3977efd729d00d53c,bazGancA gUlzirA bAx yil muqAddAm qorGasnayA lANgArgiza yeNawat kAntidiki tilwalda roziGa yatliq bolup kAlgAn vidi
d0eb9c26bfa14f088714f33a3edddbdf,jemma xu qAdAr cAksiz cediGusiz vazab wA qayGu valamitini lewernodiki baG dArwasi valdida montalliy bilAn bili turGan caGda kOrgAndin taxqiri vinsan qiyapitidA hecqacan kOrmigAn vidi
8c455f3948534f59aea21420e82e6194,hAy balam toHsat maxinaNni bu mohspit kixiniN sOzliri vidi
7b9b312b17944063aca16db4fc0695b0,vacciqlanGanda coN meNA bAdAngA Holuxerindin vOzgArgAn postilaq serol vaziritixqa buyruq qilidu
c8c34f02f9d342f9a395450c7158b69c,buzurkHan hakimiyitidA qoqAntlik yaqup bAg hArbiy voquqni vigilAydu
3324a48759ee4092be28e1f281667c9f,bir birigA sowuxup sanjaq sanjaq turup kAtkAn qoy vOckilAr goya mArAxkimu madara yAtmigAndAk tillirini ciqirip tinmay hasiraytti bAziliri hAtta vOzini taxlapla yetiwalatti vAmma vigilliri turuk tartquclap yAnA vorninidin qopuratti
f7b49aee519c486c9018b75e098424b0,ras dedA vimam dArhalla buGday cAxlisA bax bUrnini vOxrigA wAqpi seNiGa tOkidu
f3befd880e6f4161af18a5fd36fa794f,qaGanniN venisi vonmus qatarliqlar wA yAxin barGut nakcur tekin qatarliqlar vOzliriniN qowumlirini baxlap tiyAndi qoruliGa yetip kAldi wA xu yArdA sodasetik qilip turmux kAcUrdi hAmdA bAyvAt qilixqa vijazAt soridi
9b15d623a86448f9a2a2b2017c7310e5,murAkkAp dorilardin sAwUz murappasi lobobi kAbAr lobobi sirar qatarliq dorilardin muwappiqlirini tallap vixlAtsA vOnUm yaHxi
6d799a6465fb476f8a2c8b12690c7de1,vu pawelniN sOzini xiwita yefiniN vabroyini tOkkAnlik dAp qarap vuniNGa qayturmu zArwA berix qararaq kAldi
4a4baeb184a24d3598e4b491461be4a6,dalilik valim busakili krorAn rAsmlirgA nahayitA yaHxi baha bArdi
193c5a202c3644af916385354ccd0f38,misrniN muftisisAyxAmmA kUni vay kOrUlmigAnliki vUcUn ramzaniN pAyxAmmA kUndin baxlanidiGanliqini veytti
fba02c621fde4b96b3f9f4d8852227a2,bulardin baxqa nAwaviniN dArfani degAn vAsri bolGan
a5e27cf541854d37ad0cfb8abbd34741,mavon tibadtin bilAn nehro bir kOrxUpla kona tonuxlardAk bolup kAtkAn vidi
473cf080087143ed9c939a413d5cbda2,vular hAr Hil pasondiki palxopka vaq sayahAt vayiGi kiygAn bolup vOzlirigA xuncilik yaraxqanidi
4a6e926c24ec402b9a6b25f374c11960,vuruq tuqqan qolum qoxniliriGa HuxamAt qilip yalwurup yUrUp vaz bir mAzgil bir qisim yaGlirini satalGan bolsimu lekin vistemal qilsa vadAmniN kONlini velixturup qusqisini kAltUridiGan bu yaGni vaHir berip vuruG tuqqanlirimu valmay qoydi
86bbdfe83c0545cab6101516b9f322b9,vu nAccimiz vuniN lAglikini vucrimiz
88a48c2b9e1344c38a189311e08fab78,qiz bAHti yigit degAn hAqiqAt hAmmA yArgA yezilGandAk hAmmila vadAm hAtta qalidin kimHap kiygAn muskuwa wA vuniN gUzAl qAdimiy dArAHlirimu qizni qiynimaqta dAp waqiliwatqandAk bilinmAktA vidi
2ea6c9349df34b9ba9063feee4be3249,balilarniN vOpkA yalluGi kesAllikigA giripdar bolup qelixidin vAnsirawatimAn
f1d980ba3bcc4b7090cfbd344d7753b2,xinjaN vuyGur vaptonom rayolluq toqquzinci nOwAtlik vayalla qurultiyi daGduGluq vecildi
bf6c4ed4d6964df6a8959e7cdc12ddd3,vu vOziniN barliq zehnini vijadiyAtkA beGixlap valAm xumul nAtijilArni qolGa kAltUrdi
8af7909958a043e29deb982f124046e2,yeN xAhAr nahayisi pAn teHnikini yezlarGa yUzlAndUrUxtA xAkilwazliq qilmidi
d4c88f7cdfcf44b9a0a574a9b9523e0c,vadAttA globusni kOtUrUp yUrgili bolmaydu bAk kelANsiz
d8b267f016564309bb9a8b1c1fd221af,qam degAn yAlwi barliq qudrAtni vOzigA mujAssAmlAndUrgUci sUpitidA jin xAytanlarni vixqi selip yigni dawalaydu xuniNdAk veriq beqip yaHxiliq yamanliqtin wA kAlgUsidin bixarAt berAlAydu
4ef9ab436cee4bb98fe031f28e90a150,bu yil vikkinci vayniN birinci kUni yoldax diNxapin kesAl bilAn wapat bolGanda zeNciNHuN licaNcUn HuylyaN yU lyu yUnxAn HigucaN qatarliq mArkAzdiki rAkbArlA vayrim vayrim valda yoldax diNxapiNniN vix vizlirini tAxwiq qilix vOginUx pahaliyitini qanat yaydurux toGrisida muhum tAsdiqi yol yuruq bArgAn mArkAzdiki hArqaysi coN vapparat wastilirimu yoldax diNxapiNniN vix vizlirini tonuxturGan bolup pUtUn partiyA wA pUtUn jAmviyAttA kUclUk tAsir qozGiGan
1379f2ca4bbb464684cac1eab5d1f792,buran yAnA cigirini tizginlAx yeNlidin tUzUlgAn malmUlUktin baj vilix qanun layAsi xundaqla jinayAt gomandarlirini vAyiplimigAn vAkwalda vularni tutup turux waqtini vuzartixqa ruHsat qilix tAkliwi vUstidimu toHtaldi
1b9e8024e5dc4d418dbbad718464fae8,muskwa xAhArniN baxliGi luJkof valahidA ciraqliq saqci maxinisini zoNtuN zuNli wA bax poptin vibarAt vUcli kixi vixilitixkA bolidu dedi
3822c41320784684b606a52aaf688483,qararda rusiyA tinixliq saqlax qismi bilAn bidti kUzAtkUcilAr vOmikiniN vabHaz rayonidiki muhim roli vAmAlilAxtUrUlgAn hAm groziyiniN tAkdit HarAktirlik hArikAt qolinixtin saqlinix tAlAp qilinGan
b0d11da1b5ce420e95ff59ed8122c8cf,vamerika varmiyisi tOtinci piyadilAr diwiziyAsiniN bayanAtcisi mayorcoslin vapul mundaq dedi
6f7ddb298e2b4cabae40e336205663ea,vanuvatu jumriyitiniN diplomatiyA ministiri joyites weris yigirminci yanwardin baxlap muxa vayniN yigirmA bAxinci kUnigUcA tAklip bilAn vilimizdA ziyarAttA bolidu
b2127134a37046e18c220256732078d5,mAn bAkrAk kOrgAn vaqsu kuca qatarliq xAhArlArniN bAzi kocilirida baxtin vaHiri padixHanla yamrap kAtkAn vularniN Heridar caqirixtin vata bala bir yArdA maNGila bolmas bolup kAtti hAtta mAn kucada vatalmix hOsUntUzAx vorniGa toluqsizniN voquGuci baliliriniN kirip sodilixiwatqanliqini kOdUm hAmmA buzuqciliqlar muxA yArdin tarqilidu
f2d6d0ee01db4c30978dd7aeda6f410d,buniNda qAlAmpur lacindanA jOziniN hArbiri von gramdin tANxAlsi bolidu
632c64238675447d9ecd308b0d9f6f29,vuniN visim zati jugejin yAnA bir vismi zupuy bolup laNyaniN nAnyAN xAhridin vidi
595a16cca32542fc94d8236cfef759da,heliqi von dArya von vurGun deyilidikAn vularniN vismi rAd tArtipi boyicA vay vixliq votinkar bu qiz voz qundur tular tardar vadar vUc tabin qamlapqu vOtidikAn
d6ececc1efa346d39e722dbfa200034a,parnikniN temperatura nur su hawa qatarliq muhit xaravitini maslaxturux vilmiy pArwixni kUcAytix tArHAmAkniN wegetatiwliq vOsUxi wA jinsiy vOsUxiniN tANpuNliqiGa kapatAtlik qilix kerAk
e9bb5abf7cf64c48a94e33b11aba7730,qarisam vuniN HeyiniN bir piyi bir coqvatmaqqa velinip qaptu baxqilar vapla bOrigA yolqup qalGan bolmiGidi dAp qorquxti mAn yAnA bir vaz vizdAp maNdim
f7e8f1a11ad9427fb7602c7f617b1a85,qasim vorgan gezitA maqalA velan qilip birgA prokenlir pewiHanisida notuq sUzlAp qutratquluq qilGan
9829869b5bb04ee5b76b097777853bae,komanlar sOyUmlUk yolbaxciniN pajavAlik vOlUmidin HAwAr tapqandin keyin dArhal vOyilirini yiGip vulaGlarGa vartip mallirini hAydAp donay dAryasiniN tOwAnkA veqinidiki rotqa qarap yOtkUlUp bulGariyA padixahi kalodin panaHliq tilidi
86d97b776a3645f6bab138033bc902f3,vUsti vocuq mosiy tirik tariH bolux sUpiti bilAn tariHimizni mAdiniyitimizni qAdimki dehqanciliq suciliq vigilikimizni HAlqimizniN pisHik musapisini HarAkterini tAtqiq qilixta yax vAwladlarGa vAnAni tArbiyisi velip berixta vAjdadlirimizniN vAqil parasAtlik vAmgAkcan batur HarAkterini vOginUxtA muhim rol voynaydu
0c6bd77be17d482c9ae95a4d5bef93a2,qAlAm tAwrAtkAn bir qancA yaxniN bexiGa qamax vetix vizdirAksiz qeliwitix vapiti cUxwatsa HAtsani bAxkA yAtmigAn valti parcA muhakimini yezip qoysam vaNliximcA vAgAr degAn hOkUmAt tAlAppozi beximGa yeGiwatatti
4bed59fbd0a84e9d978623593f5aa879,vaka fka buddislar nufti rAxit wA coqti rAxitlAr kovinlon taGliriGa cekinip vOzlirini vOltUrUwaldi
9e0505ce92ba41b1ab6eabe479946e84,yayovi dAwridA yamato kanoci setso vAtrapliri setso vicki deNizi varqiliq coN quruqluq mAdAniyitini kinkiniN xArqidiki bu rayonlarGa kirgUzidiGan qapqaq vidi
f86631c1015b46008efcaad28811a034,yuqurqi munuzjini kUndA bir waqt vikki taldin vistemal qilsa kesAllik pAyda qilGuci Helit bAdAndin tajlinip ciqidu
70b086ab0df14070a9c9efb7ea1da4a4,yalGuz vuniN qonxlirila vAmAs HelHili yiraqlardiki vuni tunuyidiGanlarmu HudaniN vuniNGa vaymay bArgAn bu qAdviqamAt kUt quwwAt wA vAqil parasitigA vicidA hAsAd qilixatti
39fc3c3b0fbe4867b979805651fa5022,hAr hAptidA tOt vayal woxki restoraniniN bir cAtidiki bAglAngAn vorunda jAm bolidu
9af12937b06b4a3f9fcd9b491d34aed8,vAtigAnniN yaqiciqi vadAm kOrUp vuni bun dedi raskAtni qilsaN bAxidyigirmA yANgA satmidi mukam dedi sawAt vaka bexidiki baGdam topsiGa yaG captip ciqqan pakar boyiGasemizigi zadli yaraxmiGan taciray vAdAm tANlap turGan pulni qoliGa veliwetip
bd5b48842b47409dbea319735922e6e7,mAn kONlUm GAx halda valdimdiki konwirit qAyGAz qAlAmlArni yiGixturuxqa baxlidim
e0f06bed837b4dd29dcbc5c33b779dc5,rAyhan yArgA cUxUp nAccA domilap yOgimAxliktA toHtidi
47c246532f964c11968e9004f0592bd7,mAzAmzat hekim sadir palwan mahmud poci yAnA muxu HAlpAm toGrisidiki wAqAlAr nuriGa yat vidi
6eebf5d2ea4e429c9c0c042b58bc335a,yunic qiziniN wAHti vUcUn hAmmigA tAyyar hAtta biriniN vayGiGa yeqilixqimu tAyyar
07cad64d0c8c49a2995c79c69ed01bc0,globi powsi muskwi qatarliq rus yawropa kitabliridila tAswirlAngAn graf kenAzlAr hayati nuriniN kOz valdida pAyda boldi
f8352525b3ee496292f3e1eeb73d5111,kUxlUk quyax nuriniN ceqixidin kOzUmni vacalmay qaldim
55cf2620f52d47768dd29b58c9f51da5,bu vetotniN tili yumurluq hAm vOtkUr bolup hAjwiyliki nahayiti kUclUk
8387dbd861234551a6716d68f18df524,bu xAhArniN yeri yolGun toxqan zAdiki vOstUrUxkA bap kelidu
1d2e93cb7f4b4995ac5b9fe0fa841ab8,bu fiyodalizim jAmivitidiki vittidayi patnit hoquqiniN tOrAlmisi bolup qalGan
e51b92974b1c4bfd99c18544437b0426,vikki savAttin keyin xObA vagentliqiGa qaytip kAlduq
83ef82a56d2840a4bfd78bde331600f6,somkamda benzin vambur koluc vAtwirkA bolqa qatarliqlar bar
06bb5bbea5f048138caeccd3d1fe6dc2,xuNa sorun vAhligA hOzUr veytip vOziniN salamAtliki sazcilip naHxi veytixqa yar bArmAywatqanliqini cUxAndUridu
5cf68f1855704af6b3f9d0fc2ef444f2,bir miN toqquz yUz von bAxinci yildin bir miN toqquz yUz von sAkkizinci yilGicA tUrkiyA valimi kelsli vAHmAt rixad diwanniN vUxtomluq faksimlini nAxr qildurdi
8b80bab09603493ea375350b3b64b946,vafGanistan jelmant vOlkisiniN bir vAmAldari mundaq dedi
369173961e2f4409a914fa8ef1e3187d,vAN jAlipkar xAhArlArgA vawaz bArgAndA vawstraliyaniN setni xAhri tOtincA vorun turGan
bba6017feabb45b0987a6dd649fd94a8,vAmdila quyax kirstal venergiyisiniN tAminitetiGanlar vAlwAttA buniNGa vunumaytti
3095f49ede1142e28b3a8503f1a88673,miNbir muxaqAttA valiy mAktApkA kirip voqux pursitigA vigA bolGan bu vAwladniN Heli bir qismida mAwjud bolGan mAripAtsizlik vadAmni hAsrAttA titUrgAn lAwni tAAjjup cixi bilAn cixlAxkA mAjbur qilidu
9ae0895c5b6849d6b7ecdcaf046dcb4a,vOz vorniniN ruHsiini valmayturup teHniki mAHbiyitini sirtqa vaxkarlap qoyGan yaki wAzipA vicidiki pAnteHniki nAtijisini vOz beximciliq bilAn baxqilarGa vOtUnUp bArgAnlAr jazalinidu
d4b2d2da19184e3a9f5b67f51a9590a2,voGli vaniniN qurup yerilip kAtkAn lAwliri wA tArgA cOmgAn cehrigA qarap qolidiki cayni vaniGa vuzatti
7291c6f2836340e99b9dde37fabb2e41,vuyGur HAlqiniN mAxhur valimi talantliq vAdibi tOkpikar baGuni mol miwilik professuri vapcxkUr muhAmmAd vemin vOziniN bir talay yazminlirini gUzAl varzu varmanlirini HAlqa qaldurup ziqakesli tuyuqsiz qozGulux sAwAbi bilAn bu valAm bilAn HAyrlAxti
7b454cfc0d6b4cdbb2f33c1a4a9ab0fd,vular yolda bir soGuq vicimlik dokkiniGa kirip birmuncA maraJniini velip yidi
f52220d428c64b3c97f026b73f83d613,transport dAqqi vambar zapsi wA qArz pul qatarliq tAnArH besmi tUpAylidin paHtiniN votturicA soda bahasi hAr tonnisi tOyizmiN bolGan
4f2370013b21409dbc06863153b59fa7,vonnAccA sayavAtci sayavAt yetAkcisi vAyrisniN baxciliqida saynit jirmayin pet rayonidiki piyadA sayavitini baxlidi
8c57c21b9a1c43149b6140edfc79272a,vular magabizus sodanis qatarliq dahilar vidi
b3e1fc4f5a704015b7dce92f54f22131,vu gogol xidrin ceHop wA tolustoy qatarliq ros yazGucilirini vintayin yaqturup qaldi
aacd99070eb4456188290ced8425e2c1,milli viqtisad xunasilar valwasti mijAzn yaman kOrdu lekin vOzi konsesiylArdA volturup jofri kotisi degAndAk GAliytA vismlarni yazidu
0330b23c59ab49faa4506d4c27d3037b,vu bir miN toqquzi yUz yAtmix bAxincilik qAdimdin saqlinip kelingAn coN tiptiki teppiy vAsArlArni vuyGur tilGa tArjim qilip xifigrapta basturup tarqitip vuyGur tiwiplar wA vAl jamavAtniN zor hOrmitigA sazawAr bolGan
5d8251e3ea7249ea92184b889b457f4a,pAyGAmbirimizniN zamanisidA bir kUni pAyGAmbirim sahabilArgA dArs vetip volturisa jibir vil vAlAyhAtsilam kelip bUgUn vaxwaqti bilAn kOpAytilgAn vArApniN jini qAbzA qilinidu waqip boluN dAp HAwAr yAtkUzUptu
ba0abade6d3543e08da5a8ba627fe9e5,tUgmAs soval soraqlar paajiyAlik qiyin qistaqlar tUpAylidin kelixkAn qAdAqamiti yArdAk pUkUlgAn qaHxal dArAHkA bir tirA bir vustiHanGa vaylanGan vidi
b61223db81cd48dd8d97137f89d7c8b2,wakalitin setix tokanliri wakalitin satqan boyumlar wA gOruHanlar satqan qayturulmaydiGan boyumlarda baxa tapxurGucA vaddiy hesablax usol boyicA valtA pirsntlik bajielix nispitin qoxulma qimmAt berix tapxuridu
c011723fb01d4fd8aa313160db924635,bu vasasliqi metel benzol dimetel benzol formal degit qatarliq qozGatquc HArAktirlik vorganik maddillar wA vamyag karbon tOt voksidi qatarliq vanvorganik berikmilArni vOzicigalidikAn
19f8fa6ed78742c6bf6d58699ff9f1a8,yiza jimjit qara yaGmaqta qarimtil kOrUnidiGan baGlar qetip qalGandAk vOgzilAwistidA girimsAn qaraNGuluqicidA vaq kOk paHalissi turHunlardin ciqip hawaGa siNip ketiwatidu
6c9d27ee43db44f9a13101f2325d9584,vUstA vocuq mozi tirik tariH bolux sUpiti bilAn tariHimizni mAdAniyitimizni qAdimkA dehqanciliq suciliqqa vigilikimizni HAlqimizniN pisHik musapisini HarAkterini tAtqiq qilixta yax vAwladlarGa vAn vAn tArbiyisi velip berixta vAjdadlirimizniN vAqil parasAtlik vAmgAkcan batur HarAktirini vOginixtA muhmrolaynaydu
f65c0105140341e984bc61035140346d,vilmi tAtqiqat bizgA virsiginniN solHayliqniN xAkllinix jAryanida yetAkcilik rolni voynaydiGanliqini hArgizmi solqolni kOpUxlAtkAnlik sAwAbidin bolmaydiGanliqini cUxAndUrUp bArdi
6992aadac82248458cf65b9fee54dc93,mubada GAplAt vuyqusi Galip kelip bu kimA su tegidA pinhan yatqan birAr taxqa yaki dAryaGa vUsUp kirgAn birAr tomxuqqa tasadipAn vurulup kAtsA nAvuzibulla qizil qiyamAtniN vOzi bolidu
2dd2d1a56dcc4201842532d36d9d36c1,vadAttA bu kAnittA zafuN zawkUy qatarliq cilgA pAmidur sorutliri yetixtUrUldu
53425a6d18b247dbae7271dbb625a3fa,vu bu yArniN boJernik degAn qixlaqta turuxluq bahramAy hAzzAt degAn popniN vOyigA cUxti
1c34a099f8ac4d96a037c6138230cf57,bu balniN yetilixigA tAsir qilipla qalmay xundaqla baliniN qAlbidA nacar pisHiki tAsir qiyip qalidu
705a2877ac2d4e9bbd72de8a083439fd,vottarasiyA HAlqliriniN vAN qAdimkA vetiqatida xaman dinidin vibarAt vuruqdaxliq dAwrigA mAnsup bir Hil mupAssil dinniN mAwjud bolGanliqi nurGulGan tariHi kitablarda qAyt qilinGan
c2ec2a30d0684dcf8766613169790c49,yayovi dAwridA yamoto kanoci setso vAtrapliri seto vicki deNiz varqiliq coNquruqluq mAdiniyitini kenikniN xArqidiki buraylarGa kirkUzidiGan qapqaq vidi
f0e637b066af42129c373412b15c2880,bimar tuyuqsizla nApAs yetixmAywatqandAk hesqilidu viHlawitip voyGinip ketidu volturup nApAs validu cirayi tatirip ketidu kalpUklir kOkUridu yOtAlgAndA kOp miqtarda kOpUksiman vac qizil qanliq bAlGAm tikUridu bimar bu HilalAtni kOrUp teHimu biGarim bolidu
c63ac2523430442ba8dca14ba305b034,mAn duvaguy xAyiH muhAmmAd sayim sufi vallah yari keckUndUz bAlki hAmixA mAzkur mazardiki vUctAn bozrukwarniN muqAddAs rohliriGa qurvan voqup duva qilimAn
f394d6ce99bb4f898eff06670a97593b,bu vayropilan vikkinci dekabir tUrkmAnistan paytAHti vaxHabat vayrodurmiGa qolGan
10b8280b6bd047d48b4589c297bcc16c,vanu sUti tArkibidiki vuzGluq madda baldur tuGulGan balilarGa nisbAtAn gOhAr bolup yaman HarAktirlik kic kUcAy boGmaq kUcAy yalluGiniN valdin velixixqa paydiliq
8c2fd4ede2bc46f9b1b13a68de5f953c,bu dunyadiN vOtkUnci hadisiwi wA mayAtsizlikini tAxAbbus qilix baqiciliq qarxida diniy pArhizcilik tArkiplirini vucratqilix bolidu
1adece36cfc44b34ac1f687be667d323,vaqsudin ciqip dotAyniN yaliqini yalap coN boluwalGan valibaytal zorluq zombuluq qilip vuniN kolHuz qerindaxlirini baGlap vuridu
6dc354f67678411ab56ce15adfb81eeb,vixterixtin qorqisaN hOkUmAt bilAn qandaq soqutsAn miltiq vatqiniN nemisi hoy yUrkini mujub qoymisaq bolmaydu
5b4ff4d42ae5474ba64ab48309634265,meniNcA bilniski cirnixweski boHlar bolmiGan bolsa puxkinciHof tolustoylarmu mundaq yuqir xOhrAtkA vigA bolalmiGan boladu
f3e1f433b46747849258c3607fe8eaba,suN sulalisi dAwridiki jaN xawbu yazGan vAmiliy vAhwal degAn kitabta mundaq dAp yizilGan daNjiN sawassiz vidi kocidin vOtUp ketiwitip bir mAddahniN mAddahliq qiliwatqanliqini kOrUp qaptu
96ed219cad4145cebd394dc8cfc0ab7f,xu miNrUygA voHxax xinxAnmu kulup vAzaliq kartisini velip vArz qildi
39d15079b4f34430ae376a80fdf90076,vu tolimu mAGrur vidi cUnki vuniN vata bowisiniN miras qilip qaldurGini xan xOhrAt bilAn bezAlgAn Galipliq vidi
b05494247b3741039e0cb08ec5a07d09,vAdAbiyat taki hazirGicA materiyalizimliq videvalizimliq revalizimliq motif wA halqimizimdin vibarAt nurGun vizimlarni tUrlUk xAkldA vOzidA vipadA qilip kAldi cUnki vinsanniN vOzini wA dunyani bilix vusuli HilmiHil bolup bularni yuqiriqi veqimlarda voHxax bolmiGan yepyiNi tArzdA vAksAtkAn deyixkA bolidu
c1868ce3dcf54c5587e7c191f8755d02,molut vuni dAryaniN qoyulux veGiziGa baxlap kelip jadugAr turidiGan vONkUrniN vUstidiki taqqa ciqip valtun bilAyzUkini velip deNizGa vetiptu
511ca8a5913c49e39d7d081e681c6bfa,mOydin bu yArdA turwatqa vAskArlArniN vofitsirlirini yiGip mamut sijaNniN vorniGa birAylArni saylaxni votturuGa qoydu
44ba7666cf66410eb0b78b15da174d68,valfred jAmviyAttin biHAwAr haldap vixini vicigA tiqqiwalGan zayaliylarni vAyplidi
3a2b8e6f7cd4471d9883f37ba0f969d8,verip kAtkAn huxurmiN vatnaN cullirini bir tacqa cirmap qoyup vOzi yArgA sozulup yetiwaldi
67ab2347b7bf46a69ff5fe46ed0684aa,vuniN familiyisi loxkarH bolup roscidiki qoxuq degAn sOzniN voqulux bilAn voHxxup ketidu
fce0e9447aa44095a31ee0f8d298454f,vUjimA tayiqi bilAn vatni kUcUmniN baricA bir nAccA qitim vuridum
5a5b660105634ffda361e659c54d4bb8,kUndilik turmuxta pAlAmpAydi cUxkAndA pAlAmpAyni sansimu HAlq mAydanda Hixni sansa yol maNGanda bu yol boyidiki dArAHlArni sansimu bolduN
06c6561749d54e999a6e893f71a1eb97,tAxwix Huddi german pAylasopi martin haydigir vOziniN mAxhur pAlsApA vAsri mAwjudluq wA waqitta kOrsitUp vOtkinidAk hazirqi mAwjudluq bilAn kAlgUsi qAlip votturisidiki zidiyAttur mAwjudatniN bu dunyada boluxniN vAN mahiyAtlik halitidur
20b7ad63fd804e6caae7c3e663a1c2a1,pakar kOk kOz seriq burut doGlaq bir vadAm miN bigigA HuxamAt qilip coNuldedi
b64c1122d78744868ec107b5a4edf7ca,vabduwAli zikiriniN vAjAbmu muNluq veytqinini miN qetimlap vaNliGan vAmma mit qilip qoymiGanvidim
02ed2386d0d44b80af2b2b469bd7ef4d,vamerikiniN murgan rukfelliridAk joNgoniN jaNjiyixidAk katta baylirimu HAlqniN vAmgAk tAri hesabiGa kOklAydu
7577575a3b6f4b669ea5a909072d336f,sAn muzaylarniN haliNlar coN bolGini bilAn kUnUNlar vittin bAttAr
e9685299b20d4abdbb006e50386687e2,vu hasirA pOmi dAp xundaqliqiNdin sAnHAq bexiNGa qaGucicisimu vUndUmAysilAr dedi
8c3f60f509514441b5b10dc5bcd19ff2,turmuxumda bAzi vixlarni Hata qilip salGan voHxaymAn bumu vOzAmniN xori
171c887070554889ac387e84152edd36,pAqAt bir getlirla kAcUrUm qilix huquqiGa vigA vidi
ce48726465fa4c118725732d72729b2c,kOzAynikimiz birdAmdila horlixip kAtkAckA hexnimni kOrAlmAy qalattuq
3a752ed658964d0c84843f87d8c0fc1b,bu qetimqi veGizicA vimtihanda kOpcilikniN diklamatsiyA viqtidari tAkxUrUlidu
d53def81d4534ecb8286519f5232448e,doHtorlarniN jiddiy dawalixi nAtijisidA vuniN hayati saqlap qelinGan bolsimu biliniN tOwini palAx bolup qaldi
e1a360c140f747fd83fdfe47efe66c7d,vu gUzAlliktA hArqaysi dOwlAtlAr vimperatorlirniN taj geyix murassimidA vixlitilgAn vUncA mArwayitlardin qilixmaydu
8a035948d57d4181a8fb4ee02a4371d5,bizniN bu yArdA vArlAr vetizda vixlisA vayallar qoxumcA kAsip bilAn xuGullinidu
44b8c0c2ef194196941d3bca273415f9,sirtqi sodida nifit tAbi vasfalit Hurum mis tamaka miwA cewilArni veksport qilidu
045411274de64aa3aa7aa479f5fd244b,vu xAhArdiki vAwzAl turmux ravitini taxlap qAtviylik bilAn namrat rayonGa berip HizmAt qildi
7ee4cf226e324fb4a05b62d682fccd49,gu coNluqlar qumni tizginlApla qalmastin yAnA qumdin nAp velixqa baxlidi
99ecd56a3db34a67920fd063972e86ce,yAnA tAjribiHanda nAccA voN savAt tAhlil qilixqa toGra kelidu
cf78095c8c4b4dbe9e15ec3f56efaac2,doHtorlarniN jiddi dawalixi nAtijisidA vuniN hayati saqlap qelinGan bolsimu biliniN tOni palAx bolup qaldi
56f1318dea2145dfa18aee9a5b57b19b,tAntArbiyA voqutqucisi qox tornikta putini vikki yaqqa kerip volturux hArkitidin vOlgA kOrsAtti
fc156fe745c34ca891bfa0e25cb63185,rohiHAtkA valdurGan mAbliGi bir milyon yAndin vacidiGan karHana von miNGa yAtti
043998a6b59b414596623d55ee91fc11,vaptonom rayonimizniN hAmgAk wA vijtimaviy kapalAt vixliridA yeNi tArAqiyAt barliqqa kAldi
ac102bdedbba458ca2ca296c3862aabf,vuniNdin yeNi bir vAwlad yaxlarniN vali janab vAHlAH pAziliti vAks vetip turidu
7e549ce42afa4faab4dc71fb3023c3ad,mubada sAn vuniNGa vikki veGiz sOz qilsaN bAlkim vAdipiNni yeyixiN mumkin
75015859665b4534ac0d195315c88d09,vu mAktApniN tAqdirlixini dawamliq valGa vilgirlAxtiki yeNi tUrtkilik kUc dAp qaridi
166f2059817a443fb9ba93b6bf2f8ef8,vuniNdin yeNi bir vAwlad yaxlarniN valiyjanab vAHlaq pAziliti vAkis vetip turidu
eb732425674949d5adfddc3d158585aa,bu qarax vANgliyA dOlAt mudapiyA ministirliki yeqinda vaxkarliGan bir doklatqa zid
8cef8b483c9f47b3ab47ed93c736bb8e,vonsu nayiziniN gUl vawat yiza vaq vOstAN kAntidiki yAtmix yaxliq boway nUrAk vawutqa von yil burun sAwAbsizla bir kicik til ciqqan
f21b9b705fae42b4bff405aeb4c405a7,mAn bu yArdA hArgizmu coN xAhArlAr wA kadta ziyalila vUstidin dad pAryad vAytmaqci vAmAsmAn
4dc165bc12884e00987c7d970031a6c8,jAmviyitimizdiki bAzi kixilAr kisAlgA coN kicik dAp mamilA qilidu
f6b050a62b5e4b148b826386120d361c,vular radkal tAxkilatlarniN vawaNgacliri bolup yigirmA yax vAtrapida qeni vintayin qiziq
843254a5d65441d6bba7380500335fcc,mAn bu yArgA vularGa yardAm berix vUcUn kAldim
b31d1707ff314c80b833c90cdae05aa8,ximaliy vatlantik vAhti tAxkilati yAnA vottra vasiya wA taxqi kawkazdiki hArikitini tezlAtti
153a5453efdb4c1b93616d25d604a4ab,riyadta von vikkinci may yUz bArgAn partilitix wAqAsini vasasiy planliGucilarniN biri sAudiy vArAbistanda qolGa velindi
34471c11e555423d9032685141fd4351,mAn bu yArgA vularGa yardAm berix vUcUn kAldim
49b516800f4c4002a273295de031dc32,baynGulun voblastida nuqtiliq qurulux tUrliri ceN tutulmaqta
ee9c6e39c9bc490a992a7115b3b50fa6,hAr millAt vixci HizmAtciliri yotqan kOrpA kiyim kecAk qatarliq boyumlarni vivanA qildi
01cdea4c645149129fa96b316d2807a0,favo xAhridiki nefit toribisi vArAb dAryasini boylap bir qancA mil vozunluqqa kOmUlgAn
541223ea7d4e4d0e907865f66c187a40,deNizda mayag bolmisa kemA nixanidin vadixip qalidu yaki Hada taxqa soqulup ketidu
ef8a3da18fa5487d8bccba86113f244b,qasimGa tapxurup beriximizni hawalA qilGan
6a72909595e947e79356010676557cdb,rosiyA motAHAssisliri sinaq HarAkterlik yadro partltix velip berilmiGan vikAn dedi
d721e957b9534f57906fa7e5160f7f0b,Hujintaw juNgu hOkUmitiniN xixangaN mAsAlisidiki vizcil faNjini wA mAydanini xArhididi
166a7ca567984187a7fcfb6aeb1c2dee,vular xu vorundiki limba tUgUnliriniN yoGunisi wA putniN vixxixini kAltUrUp ciqiridu
fb1ec294f0354a01b49a85b39deb3ae0,bu yigit baxqa beri bolmastin dAl bUgUnki varman soda cAklik xirkitiniN lideri radil vApAnlik vidi
288f63550f784e26b1419aac6007b33b,GugwaNbaw mAmlikAtlik HAlq qurultii qanun komtitiniN muvawwin mudir vAzasi
022f7ce5bc4e48f0bb6fd598c5db263f,vAmAliyAtkA siGmaydiGan sOlAtwazliq bilAn xuGullinixqimu bolmaydu
0d84c23e62f94a3aaaea82349daea615,vuniNdin baxqa dostsan moHbul tariqi bosfor vimperatorluqi qatarliq kitablardimu moxniNqa voHxax bayanla HatirlAngAn
f67e7fdecb7e4d709a2723d6f84c5dd2,vular xu vorundiki limfa tUgUnliriniN yoGunixi wA putniN vixxini kAltUrUp ciqiridu
7cbfe499e8a440369a9f1bf441af3cf1,yiGinGa vaptonom rayonluq partikom davimi komitetiniN vAzasi tAxqiqat bOlUminiN baxliqi wudenfu qatnaxti
107fb8ffda034d2ea319e312f5b26372,peJpix vissiq yaz kOlliri dehqanlar vottAk quyax nuri vastida vetizda vAmgAq qilidu
41c730848bd34af2815da079dd19e28a,bu rAsmniN cin yaki saHtiliqini pArHlAndUrmAk tolimu qiyin
16631e98fa234210bc43389453ae648e,bu teksni valdin tAkrarlax Hizmitini kOpcilik toluq vixlAptu
31123c9878a84a2285ae1bce23037a80,vuniN vaxu soGuq tAlApini kOrgAn hArqandaq vadAm vuniNGa yeqinlixixni Halimaydu
a7a16592093f4142b0fb55b389e5c41e,katir dolqun yerip deNizGa kirip kAtti
5a603ea3dca848d09f961abcc9962485,nAsiyAtni vaNlimisaN vaHiri berip ziyanni vOzUN tatisAn
f00c802b65d94a9fa0510f648291a498,mAn seni hAyidti bolux riqabitigA qatnixip vaHir saylandim
53c93a65b78d40bb904d2a22cbf8cd0b,qAdr vAhwal rAhmAt
e3a313ef78644c69a645ef9686fb18a3,toGulGan kUniNizkA mubarAk
25f97735698140efbfe81a482a1c1f09,bu yataqtin HAlqiraliq coN bazarni kOrgili bolidikAn hAqiqAtAn gUzAl
05c41afdc8ba4cf796374eef9d1ee239,sizniN tAjimA qilip bArginiNizgA rAhmAt
3bfbefd3c70149ab93adf5b52b8be755,bexxim qiyip kONlUm velixiwatidu
461acebd560345b39d45b4f54da3b46b,hawarayi munasiwiti bilAn vayrupbilan bir savAt kircikip vucidu
ace0a83ffdab4e968d5cc24db1b49614,vavilANdikilArniN pataraq dOltimizgA berip sayahAt qilixiNlarni vUmid qilimAn
10d72ea26b974e77b4608698039ba0a0,bir hAptidA sAyxAmbA carxAmbA xAmbA kUnliri bar
1a361c7a1a9141daa9aa776620c0db0b,sizniN cUxAndUrginiNizgA rAhmAt
75c5a0d5eb7b4a7792e64f738ea57bd2,kAxlik murasimda voHxax murasim kiyimlirini keyix kerAk
c5a7eb4fcdca4c2cb9134f338ca5638d,dokanda nArsA kerAk yeyixkA bir nArsA vicixkA bolmaydu
1c8ab6bc3fec45d89a0e237caa564141,misirdiki vAl vehram yilda nAccA yUz miNliGan cAt vAllik sayahAtcini kUtUwalidu
1f61a7b2582747c6a003e17243b1c2e2,silAr kOrUp turGan kAnit yoliniN vikki cetigA deqqanlarni sApAwAr qilip gUlzipA vOstUrmAkci yol boyiGa ciraq vornatmaqci
be0aff6194cc4c25aee9bed103f40b50,qotan yasactin gAp vecilGanda bu kAnAt partiyA yacikisiniN xu jesi manap vibrahim bizgA mundaq dedi
60b5c92f0cb04146849d35050dcd6e69,jam bulat kOz valdidila veGirliqi yigirmA kilogram kelidiGan vikki cOgUnsiman gantilini kUcUmAyla kOtUrdi
64593d26497942f4ad925d35e433751b,hazirqi vaxHabat tUrkmAnistan jumhuriyitiniN siyasiy viqtisadi mAdAniyAt mArkizi vasasiy qatnax tUgini bolup turmaqta
74aebc710bcf4257aae9a9674af27640,pexbix vissiq yaz kUnliri deqqanlar vottAq qoyax nuri vastida vetizda vAmgAq qilidu
3a13b23ce8fe453589659ea11eb0ab34,tazanAsbasti yeN valGan somkam vUc kUn bolmayla buzulup qaldi
c41514c381b9421daffdbd2b54d7fd76,vu GAzAblAngAnliktin vornidin turup kAtti
fdfdc294def44bfcac75d01ca35845c0,qAdr vAhwal rAhmAt
ddc97edb225140bc87c63122f13598f4,kAlginiNizgA minnAtdarmAn qAdAm tAxrip qilGiniNizGa rAhmAt
040d1c4e2d244146a2c5ab2a783c6dbb,sAn top mAstanisi coqum kOrUxiN kerAk
7b0f4fe5a97d4c42a813ebf3c3461b6e,yAxlikni vaxqandin keyin malniN sani jAdwAldiki bilAn voHxax vAmAslikini bayqiduq
de61fc21ce2c4c9789492c459772f897,qarxi tArApniN zenimizni tOlAp berixini tAlAp qilimiz
9dade5bf19884101b60487c3c0612481,dArya yUzidA pAqAt dulqonniN kemigA soqulGan vawazla vaNlinip turatti
9b6a226d9a78410bae8dd80a96e10d73,yawes wirusi vAydiz kesiliniN vAjdadi boluxi mumkin
f1a58962b70947799eec127ace26141e,vular hAr bir varamgahniN vUn valGu qol yuyux tazliq vAslihAlirini yUrUxlAxtUrdi
0e324be00b4d44af8186aaefc0604249,bAzi vAskArlAr somkisidiki hArbiy buyumlarni tOkUwetip pul qaciliGan
f3a9286662e349f88799ab66b8a0bf7a,yAr vastidiki kol basa vixlAx vOyidA sesiq puraq gOpUl dAp turatti
4b56819840d64762aeb9b6a93bfb1926,furqAt vOginixtA tirixcan bolGacqa muvAllim vuni davim maqtaydu
49ccf1fea92746429ffd5d755fbbfd6d,tAbrihlAx pavaliyiti baxtin vaHir vintayin tArtiplik hAm qizGin kAypiyatta vOtti
6e88a00bf9b340379adea3832b0eec3d,vUc brwoniwik bektUrmigA vucriGandin baxqa tUnOgin yAnA bir qatar zorawanliq hArikAtliri yUz bArdi
2d6fd044b5104c798671ee46482fc132,sabiq sowit vittipaqiniN mAxhur vastrofizika valimi wasli wA xorbakoflar komsimul hAqiqiti gezitigi maqali yazGan
495b48709c3848f1ac76fd7b8fa5d451,coN kici kocilarda hArwaqit qatnap turidiGan nAccA yUz taksi bar
99e549e7103140f5959cf98ecb1667eb,bu coqum satlarniN voGli bolmisa vu nemA vUcUn bu vixni xuncA mAHbiy tutidu
8e66338fce4e4fee924879263cb89294,biditi HAwpsizlik keNixiniN bir HizmAt gorUppisi mundaq Hulasi ciqarGan
6caf65494e3a4812b564fe7d90868af7,viraqniN vAslidA sapmusaq von boviN vayropolaniniN bAxi vamerika vAskArliri tAripidin volju sUpitidA parciliwetiliptu
54bb1bbcea564b53952084d16a119587,dunyada yAnA bir muncA tariHiy xAHslAr muziyi bar
84766f6c47e24764896ce4011538c86a,doHtorlarniN jiddiy dawalixi nAtijisidA vuniN hayati saqlap qilinGan bolsimu biliniN tOwini palAx bolup qaldi
7ace8e65eae842f1b684370b58a6f7c7,vuni velixqa tegixlik vAmgAk hAqqim gizic Jornal vidariliriniN vaptorlarGa bolGan hOrmiti dAp qaraymAn
05618dd988b7453b8e2b1c69c96e6dc3,xu caGda gUllUktA volturGan sAmAt bu vixni baxdin vayaq kOrgAxkA qorqux tuyGusi teHimu kUcAydi
12c22943fc564cae8e0915ef97392812,vaptur qAxqAr pedagogikiga vinstituti markissimliq voqutux tAtqiqat bOlUmidA vixlAydu
b578e9789438436a94a3e901e54b1ca2,vaNkor yadikarliqi kambojiniN kona paytAHti hAm muhim sayahAt rayoni
fe830a978bfc4e3785c91fa56248226c,vijadiyAt bilAn tAqlidcilik vAwAj valdi
910665eed58446e794509a5f5e5e1655,keryAnavisi yeqinda yUzdAk vAmgAhcini fujAn vOlkisiniN tiHwa xAhArdA vixlAxkA vAwAtti
c1c659913ae9497bb5f0822d3e80c03c,biyad HAtni kOrgAndin keyin tAsirlinip dArhAl zoNtuN gidower keliwlandqa joNguluq vicilarGa tOlAm berix hAqqidA tAklip bArgAn
3fb8d09775cb4d5cbfff993c92b373d0,vottur yoliGa kAlgAndA vu kanzas xtatiniN lovesrel xAhridA poyizdin cUxip bu xAhArni tamaxA qilip vOtUx nitigA kelip qalidu
921af618e97d4aa7ae7d381715977bf6,dArwAqA bu caGda birinci dunya voruxi partilGacqa svu setrasborg xAhrgA berip nigatipni veliwelix vimkaniyitigA verixAlmAydu
35dad9d15ebb4faca19b4095673e6e17,vaHirida paxxApA keyinki mAxrAp vUcUn bir tAHsa valmini dastaHanGa qoyatti
2a59dfed63a245298d485bfeb5f1a0ba,tunci tUrkUmdA yUz miN nusHa programma nAxr qilinip xinjaN boyicA tarqitildi
9ffcdcf0ffbf46b7ab3b770ddbabae03,hazir turmux tartipi vAsli kAlgAn bolsimu yAnA bAzi HatirjAnsizlik valamAtliri kegimidi
fd0db93e689a432f869db0019ae5c0b1,mAsli yaHxilanGan vincikA yoNluq qoy pUr yUz yigrim tOtmiN tuyaqqa yAtti
d3ea2e561ef74262989afaf4601d7dd8,cUnki yaNyu pAmdurniN xAkli coN kicikliki veGirliqi wAzini vopmu voHxax vikAn
b79386cb630e4948a8b3764fd891449a,doNsUnrUniN vOzini qurban qilip dUxmAn potini partilitixi vajayip qAhrimanliqtur
d1d074fa6b34478eb9d73fda558be1c2,yAnA tAjribiHanda nAccA vonsavAt tAhlil qilixqa toGra kelidu
59f1e26f7ac146a191cb95268f0b4cbf,savuttiki yAmHAxAklArni velixiGa setip bankidiki barliq vamanAt pulini velip Gayip boldi
c44dcf8db158462c902e35beb7cf3222,dOwlitimiz vAmgAkcA HAlqi kompaz partlat Huxtora qAGAs wA mAtbAcilikni hAmmidin vawwal kAxip qildi
e96a6d28c1ea4287ad9a2e5be6548996,mAxrApkA vixtirak qilGanlarniN sani qancA boluxtin qAtiy nazar hAmmisi birdAk vottuz voGul dAp vatilatti
dc2a392756604243a404ab13a113dd78,sawut vOzi coN bolGan yurtidin vayrilip vawad xAhArgA kAldi
9ce072bf98e14f38b6a7defe89bd726b,vu toGma sApra mejAz bolup hecikimniN gepini vaNliwaydu
8b2c6d4b2601488ebf48044216ba2b44,qepqizit galastuk vuniN mAjdisidA lApildAp turatti
20e2c4abaad6447aa85f967b2d294ea3,yol yasax rasHotini kOpcilikniN pikiri boyicA hAl qilduq
9a603b6f63064f87b4754d9ab50fa995,silArdA tAntArbiyAt kiyimliri qurum pAltu yoN popayka yoq vikAn
d4bc41198a694483904d3793a64af262,bu qanal vikki muhim sanavAt xAhArlirini birbirigA baGlap turidu
6819804ccd9a42f9aa18c43d0fb486b9,bu tariHtiki vaddiy kOz bilAn sizilGan vAN toGra mars yUzi HAritisi bolup hesablinidu
64f6b9d47eda4ec48ec488d2ec41690b,vu bizni yAnA vuniN vUcUn vAjr siNdUrUxkA kUc ciqirixqa dAwAt qildi
d7351dbb04fd46489a46950c52bdc75a,baxqa rayonlardin vaxqibatqa kelidiGan kixilArmu vaxqibatta tatliqsu voptan turarjayGa yemAkliklArgA vigA bolGan
5dde2552beb0458b987b207347791fd3,bu vadAmniN pozisiyisi tolimu tAkAbbur vikAn
818378ce585849c48fc84727c8998e30,biz dArhal vuni doHtorHaniGa vapirayli
7d0992e7ed244675b5234af1433a3229,bizniN silArni viziximiz silAr bilAn vAN vaHirqi tOlAm toGriluq sOzlixix vUcUn
e6ab885e2df4435cbe459687197facce,bir yilda yanwar fewral mart vapril viyon viyol vawGusit sentAbr vOktAbir noyabir vayliri bar
26890f0ad91746089f25d1d390939d76,hAr millAt vixx HizmAtciliri yotqan kOrpA kiyim kecAk qatarliq boyumlarni vevanA qildi
7df49a1c751e402cbae01d120631fe95,vu yaxanGan tAnha vadAm davim cayHandin ciqmay baxqilar bilAn paraNlixip volturuxqa vamraq
56f0491e2a4847d4b3145e5847982a8f,vOzi yazGan dunyaweyilixix toGrisAtki kitabnimu bArduq
d65e3c028dc44c1fbbebf12abd4a0ad7,vOyimizda mehman boluxuNlarni qarxi valimiz
ea6dc2d1fb4c46808a101c953aa11ba8,sizgA hawa vissip kAtkAckA vissiq vOtUp ketiptu
c4a5d7de58ac498d99fb1da99c95f768,maNa bir bilAt zakas qilip beriN rAhmAt
bf56b692a08e47968c99df8ac36890cb,vAtA cUxtUn burun yup bolGan kiyimlArni sizgA vAkilip berimAn
bcca3b88bd114ecb9d045dcf08890866,vallahniN rAhmiti bilAn nahayitA voNucluq wA kONUllUk boldi
0235629c4bc74332b4bb21ac26d75914,vavilANdikilArniN patraHt dOltimizgA berip sayahAt qilixiNlarni vUmid qilimAn
2e0c9a36f1404ce0801631afd5c54b24,qar xikArniN tAbiviti mOtedil vOpkigA nAmlik yAtkUzidu
99c00ab5251e46c5b452eda1aef50226,naiyA tAwAsidiki Gaz kOl yezisiniN yenida qazan kOl yezisi bar
f9b80386d04142c9bd66649bc77b66a8,siz tAkxUrgAn vAhwaliNizni kOpcilUkkA tonuxturUp vOttUN
3f8bcb25d6cf4477996b3045999acae0,yax vabturlarGa vaz dola paydisi degip qalsa vAjAb vAmAs
cf2cf95874bc49629938f43f3af78486,vu vekranni qAdAmmu qAdAm sUrUp vikki metrdAk yiraqlatqan bolsimu lekin yAnila flovoresenit yoruqluqi caqnidi
c72a581d52334547b62603f086e093ca,qeriliq wA vOlUmdin heckim qecip putulalmaydu
458a1678ebd74bc5b8d9fa929c02a644,bir qisim qAhwAHana mehman saraylarmu Hiridar jAllAp qilix vUcUn vamalliq saqliGuci yallidi
9f794bba30d7439f9adf894dcc553fa1,vuniN vUstigA zapcaslirini vinternet tori varqiliq qanunluq setiwalGili bolidu
b2225bfd20d24fc3b2f2dd3c0db6e594,bu vAjdadlirimizdin bizgicA vUzUlmAy dawamlixip keliwatqan vAnAniwi vadAt
575ddec2af754e439acc5794e0dfa215,vAgAr vadAm vOz namratliqiGa xUkUr qilsa vu mANgU bay bolalmaydu
ab253dd4ccf04fe5aedcbec2874249c7,waqit hAmmidin qimmAtliktur vuni hArgiz bihudA vOtkUzmAN
2ab53543442b45488e099e3bab8214c1,vu kOpcilikkA bir vesil nomur vorundap bArdi
4170261a2f2746168b1f29b4bae94619,daNliq pedagog dokturliri balilarniN vAqil parasiti qol barmiq vUcidA dAp qaraydikAn
61599a06f6004a05bf9b6cbeff33cb49,vundaq vadAmni tapalsam vicki bocqa valtunni qural valdAp berAttim
d71e5586cb124aabb29f1eb43c323225,bu yil yazda teHi yeqindila jaN jexi xiNsisAygA mawzimin cintAncyu lincylularni vOltUrUx toGrisida yol yoruq bArdi
ea239e62be8e4abfba5703d9b79ea8e4,picAkkUl zAhArlik yilini tuyuqsiz hujum qildi
51168a63a0074d149e2fb2bb1dc13ecc,heytniN birinci kUni yAni zulhAjjA vAyniN hejriyiniN veyi kUni kUn nAyzA boyi vOrUlgAndin baxlap kUn qayrilGici bolGan variliqta qurban heyt namizi dAp niyAt qilip jamavAt bolup vikki rAkAt namaz voqulidu
cd9ffbf6ae5a43baba4b2832e9b54f20,kelinkilik vipadiliri wA vayallar bOlUmidiki tAkxUrUx nAtijilirigA vAsasAn diyagnoz qoyux vancA tAs vAmAs vAgAr balyatqu boyni zedisi vikkinci dArijigA yAtkAn bolsa balyatqu boynidin suwalma velip tAkxUrUp rak hUjAyriniN bar yoqluqini veniqlaymiz
00a162cfb74743ce97946db56ffb1099,misr qiyin vAhwalda qalGanda vilgiriki baxqurGuci meniN misrdiki qullirimni wA kOxmA mUlkUmni qattiq qoGdap vavilAmni hecqandaq ziyanGa vucratmiGan
4af4b512e8d64fa18ee5ced0d696752e,pecAkkUl zAhArlik yilini tuyuqsiz hojum qildi
69f6408b0bd742aab9d368aa60cff052,sumkamda benzin vambur kluc vAtwerkA bolqa qatarliqlar ba
dde94aebd8c94e7dbd6b5c6a564e5f36,caqiliq nahisiniN koni xAhAr Harabisidin tepilGan tUrUk ronik yejiqidiki yAttinci vAsrlArgA mAnsUp cUc tAbiri bolGan veriq biti yuqirqidAk qaraxlarniN yAnA bir muhim dAlilidur
52d5d594285d429ab427862d9e91ff72,kUndin kUngA vOtUp vOzUni qizi vayuqtap qalidikAn piyzadta qizi sOmUyUp ketAdikAn
dac46bfdf4fd4b54b031734f0d59749d,bir miN toqquz yUz von pAxinci yildin bir miN toqquz yUz von sAkkizinci yilGicA tUrkiyA valimiy kelisli vAHmAt rexat diwanniN vUc domluq faksimilni nAsir qilidurdi
2fe36c4ab0dd4e7d8952518c3e352f99,yAsAwyA sofizmi caGatay keyinki sofizm vAdAbiyatiniN vistetik videalizmniN vikki Hil temawAbAdivi vAnvAnisini barliq kAltUrgAn
423f5944b7d94fe7a4ef72692e9a0024,bu dora vuntuGaqliq sarANliq tutqaqliq vaHtaG bArAs muppAssil vaxqazan vaGriqliri sOydUk temip kelix sOzUlmyutAl bowasir yarqan suddA wA tal kesAlliklirigA payda qilidu
e0b0a926ac2b4b59b7a9c0462b59d6ce,vular hAr qetim yepixin caqniGanda warqirixip kOkA rAhmAt veytip turGan yArlirini tArik vetidu wA qilixlirini voynitidu
a480ab482f8c46bca98dddf9c2beef08,vislahAt hOkUmiti qurulup vuzun vOtmAy soga jAmAti bilAn tAHttin cUxkAn xahsadA furu kona muxtimzurlar jAmAvAti bilAn til bUrUktUrUp visyan kOtUrUxkA vurundi biraq basturuwetildi
2177a60c3f994600aa9b8c5a98593dbd,vaHirqi padixah biNjuni tarquzup qoyup vorda vAmrinikigA voHxax muvamilidin bAhrimAn bolGuci hexuN vAnni tUrUklArgA tabar Haqanidin yardAm soraxqa vAwAtti
66e2ff8ed1244791bd505f03172b1925,yizlada vicimlik su biHAtArliki quruluxini tizlitip yuqiri fotorluq yuqiri varsilliq bulGanGan su mAsilisini wA qan xorGuci qurut kesili bar jaylardiki vicimlik sunaN biHAtArliki mAslisini valdin hAl qilix kerAk
a07320a46cfb4e849e4699620f33b149,vunsu nayisiniN gUlawat yiza vagostan kAntidiki yAtmix yaxliq boway nurAk vawudqa von yil burun sAwAbsizla bir kicik til ciqqan
6ce4ace749ba4c74b6684d13137e9622,balilarda taxm pAyda bolup bAk qicip kAtkAndA kalamAn dorisini sUrkAp qicixniN valdini velixqa bolidu qaxlap yara qiliwAtkAndA gentivan wivolet dorisini sUrkAx kerAk
0b51f754a46f476aa86a002193b56ef7,pul ciqim qilGuci perwot cekini tapxuruwalGanda qayturma talonGa vimza qoyuxi lazim
d4c8e94b8eff4ca08831e93faeb103f7,bu gizitniN nami tAswiri vAfkar bolup vu vosmanliy vimperiyisiniN vaHparatciliq vixliriniN baxlanGanliqiGa wAkillik qilatti
8ffc7717fa7e43b4b6c307283972d0df,kUrAxci vayrupilarniN bax layiligUcisi konstantin mabassif mundaq dedi
9b765cca70f245a3917bda9dfde3f5af,jinxyajaN dAryasidiki xaNja tosmisi su velektir vistansiy quruluxida vix baxlandi
df5c0f677a3646f3878696ab885668bd,vAjAllik yeri buniN nAtijisidA sAn bizgA tAAlluq mAnpAAt baxqilarniN cOntikigA cUxUp ketidu sAn biz bolsaq hAHliq nesiwimizdin vayrilip vaxu rowuk peti qeliwirimiz
0ba22c29299a4122be5ee6050ed97f71,halbuki sAn vata vaniniN nAsAhAtini qulaqta tutux pArsAnt vUcUn pAriz dAp nAccirAt veytqan turuHluq vAmAliyAttA Hrovin tUtinigA vAsr bolup paskiniliq kocisida laGaylap yUrisAN bu qilmixiN bilAn sAn munapiqlik qilGan bolisAn
64fd9d4d15434780b1bb1aff79f95d9f,mAn bAkrAk kOrgAn vaqsu kuca qatarliq xAhArlArniN bAzi kocilirida baxtin vaHiri payixHanilar yamrap kAtkAn vularniN Geridar caqirixidin vatta bala bir yArdA maNGili bolmas bolup kAtti hAtta mAn kucada vatalmix hOsUn tOzAx vorniGa toluqsizniN voquGuci baliliriniN kirip sodilixiwatqanliqimu kOrdUm hAmdA buzuqcilar muxu yArdin tarqilidu
0f05ebc71cf849bfbea025936906ed00,mAn davim kAnit sirtidiki bamboksarliqqa berip yalGuz vOzUm vaylinip yUrimAn
ecfacaf5dd594fe9b4922e608c5772d1,bAzi balilarda kOpUncA vinduksiyA tApAkkuri voHxax bolGan pikir tApAkkuri bolidu
e2e87684c71b4f26972904e48378f453,bu vixlardin gaNgirap qalGan hajA boway nemA deyixin bilmAy turGanda heliqi boway veGiz vecip tAlAp viltijaliri bolsa veytisa bolidiGanliqini xunisi vesida bolsunki pAqAt birla tAlipini qanduralaydiGanliqini hajitini bayan qilsa bolidiGanliqini veytti
aafd554ff12442e890beb4f3812a7b4f,gUsAN qAdimki dOlti qurulGan jay nayA wA vAtrapida tANrita sirliq coN jilGisi qizil taxkimrliri qumtura miN vOyi subax konA xAhri qatarliq dOlAt dArcilik vaptonom rayon dArjilik mAdiniy yatkarliqlarni qoGdax vorunidin vottuz nAccisi bar
1a1c1441daa9462b918aaf2b35a0eee3,tApAkkUr vadAm vOzini vOz halakAtkA baxlaydu
3fcaf7e9b59e4ba3bbdc10f0bd5893a0,baliniN vemip bolGandin keyin hayitA tiz vuHlap qelixiniN sAwAbi vana sUtiniN tArkibidA tAbivi murfim maddisi bolup baliniN vuyqisini kAltUridu
2f53d2bb2f0045949ee0b5d0c6320339,vilgiri yamGuri yaGsila pUtUn yAr patqap bolup ketAtti
0c6fa0a5593146d6bdee595117ecd2f1,vilahAt hOkUmiti qurulup vuzun vOtmAy soga jAmAvAti bilAn tAHittin cUxkAn xahsadA furu kona muxtumzarlar jAmAvAti bilAn til berUktUrUp vesyan kOtUrUxkA vurundi biraq basturwetildi
69cd805917a9418094d28d54717c9e2b,temur buqa wAli vAhciniN nAwri qiziGa vOylinip yUwAn sulalisiniN mArkizi hOkUmitidA vixik vaGsiliq wAzipisini vOtUgAc veduqutniN vixliriGa yetAkcilik qilGan keyin qocu qatarliq jaylarniN bax vAmrlAxkAr qoxuni qoxumcA qocu Hani bolGanidi
fd6b0fb452c14bbaa1a4820917b1ece7,wuzitiyAn bularni vaNlap taNxyujinni yAnimu vOstUrUp voN qanat bAhAywAt yasawullar sanGuni wA muhapizAtcilAr yasawulHanisi valiy sanGuni qilip yazki qAsiriniN yandax begi qilip qeqinus sari wA sumruG saridiki vUc dArjilik vAmAldarlarGa tANlAxtUrdi
ca0bcb4c043d43e695420d98d6c570cf,mollila HAlqniN cUxAncisini mUjmAnlAxtUrUx vUcUn lAwhul mAhbuzdA xundaq deyilgAn dAytti
e3d3df31d4ee460184aadca3b1fe9f73,kAxif sopizimcilar vibadAtlirini GayisigA yAtkUzUxtA kAxifki kUclUk mAnbAh sUpitidA tayinidu
da4e70327784465d86b1f9b58fec9777,bu vetotniN tili yomurluq hAm vOtkUr bolup hAjbiyliki nayiti kUclUk
d371589fdb6a4617aad2b70cc9799c2c,haximpoc visimlik wejikkinA yoGan kOz burtluq yigit vuniNdin vegiz kim bar bu tONgrAktA dedi
41663098c6474dd0beb71f85348fed9d,vuzun vOtmAy mehman janablar kelixti puwska hAm pikaplar yiGip kAtti
a4dabaea045445ea9ef87ea66bd3f5c7,bu qitimqi yiGinGa vuyGura sayraniriniN yifi qatarliq yoldaxlar qatmaxti
7e12aabad3c84483bc2cd8bf877d535f,wUrANgil basmicilirini tezdin tazlaxx vUcUn patiyA mArkiz komititi GArbijAnip frontiniN qerim jaN mAydanini mustAqil jAnubi front dAp vayridi wA qararni vornlaxturuxqa stalini mAsvul qildi
eaf1665a7cbe47729adb0dbeb9b4d717,bu keyim saHta wA najar mAhsusat vikAn suGa tAgzila vONup ketidikAn
8e531c640dc8439db912b0459830fa92,mAn qaytip kelix yolida Hoddi HotsipoGa voHxax HAtArlik cikAn catqanlar varisidin biHAttArlik gUlini vuzuwaldim
65e1e42984fc47b597de46f779dccc34,toluqlax wA tUzitUx sOrki hAqtAlAp dawa qanunniN maddisida bAlgilAngAn mOhlAtkA qoxup hesablanmaydu
4598558482f546048c22c4e7c5c6ce69,mAsilAn xaptolni vartuq vistemal qilGanda qizix qorsaq kOpUx victihasiw tutuluxni kAltUrUp ciqiridu
4fd2bdd55e3042859570ef2b9a5f1333,dAl xuni kUtUp turGan valmas caqqanliq bilAn taGanniN vaGzini boGdi vali boynaq dAslAptA bir vikkini GiNxGandAk qildiyu taGar vicigA valdin selip qoyGan yeNi coqqiniN puruqini sezip coqqa Gajax bilAn bolup kAtti
b573e47066df4a90b77b1447434a164f,nijni nowguratqa kAlgAndA filot qirGiqida toHtap tAyyarliGan vAxalarni qacilap duwwek dAp vatilidiGan keminiN Amraliqida dawamliq valGa qarap maNGan
e09b8170a4bd4a8ca0636c961d61f135,lekin helA mekirdA seniN valdiNda yip vexAlmAydikAnmAn seniN balilarni zAnjirsiz tutqun Hurjunsiz diwanA qilip baGliwelixiN vUcUn guppaNci bolup bArginimni vAmdA cUxAndim
f41b55ba9a9a4cc0a11e209bb3dd706a,mAn vAqil yexiGa qAdAm qoyGinimdin keyin hAq tAbivitimgA bAHxAndA qilGan Garayibcanliq vAstaydinliq wA mUxkilatciliq royniN tUrtkisi bilAn tUrktil vUstidA mulayizA yUrgUzUxni lazim taptim
d5b36311faee4508bc1e51cdbf26a0d5,bu coN wAzirlAr bolsa Horinji yAnzuN caw weydaw loyAnjaN yAncuN yAnA wu vailisilikilArdin wu sAnsi wuyowniN hAmdA HanniN vixAncisigA verixkAn jiwAn qatarliqlar vidi
1bf6f82c1157499d9ad0887370df9173,vuniN qipti tilidiki qiptilarGa vavid yezilGan vilmi yaziqi nAqix cUxUxlArgA qAdAr tAsirni kOrsAtkAn
8fe5e45c90e540b5804b9804980ac6fb,ziyawudun xulardin qoGun meqixniN yollirini vOginUwalGan vuniN yazliq tawuzliri pixti hAtta keyin pixidiGan miJgan seriq qoGunlirimu tAyyar boldi
f53793b8162d4809ad73646a74208267,lahurdiki jamavAt Gulam vAhmAt mirzini pAqAt mujAdAt yeNliqcisi dApla qaraydu
54b0298861214df1819662037b6e7276,vAmAliy vehtiyajGa vasasAn sarisiniN yoqum vAhwalini kUndA mAlum qilix hAptidA mAlum qilixqa vOzgArtildi
86f735b5ded444efabb377872b9af7bf,subutay batur bir miN toqquz yUz vAllik bAxinc yili vazuw deNizGa qoyulidiGan qalqa dAryasiniN boyida vawwal qitjalqlarni vandin keyin rus kenAzliriniN birlAxmA qoxunini tarmar qildi
b1e62581296543f8a662db67d6da937a,kaliforniyA vuniwersiti qarmiqidiki dApus mAktibidA velip berilGan bir qatar tAkxUrUxlArdin vispadlinixcA vayallarniN pinidA yigirimA bAx pirsAnt may maddisi vAllArniN pinidA von bAx pirsAnt may maddisi bolidikAn
0a4be9ff4fb34e5694b27d04121cd567,germaniyA varmiyisi Harkowni vixGal qilGandin keyin valahidA qarxiliqqa vucurmiGacqa kazacealopanni vixGal qilGanidi
ef36c8d69f7d4c82977b575ff171791f,vamerika zuNtuNniN vAN yeqin yardAmcisi Hari wafgan bilAn jamis wardaman vuni pAlAmpAydA kUtUwaldi
299865913d4640a780e39754f04bacf5,sOz vArkiliki pOz vArkiliki degAn vumumiy telegramlarGa qoxumcA qilidiGan vadAm ciqmidiGu
5f98d54da9874d5dadd3a433edb3e6fc,vbu yil yigirmA sAkkiz yaxqa kirgAn joxkwaki vAslidA vamerika varmiyisi qiriG vUcinji hisabpurlar rotisida vixkAn
e39757002e9c4602a8de75de7c94c6a6,jinxajaN dAryasidiki xyanjiya tosnisi su velektr stansiy quruluxida vix baxlandi
55f7db27632b4da48bf1a180dab88383,qoruqniN valdiGa vUrUk vUjmA valma vamut xaptul vanar glas yaNaq badamlardin kANribaq qilinGan baqqa yapsarlap yAr vecilGan bolup yArgA buGday qonaq qoGun tawuz camGur sAwzA kAndir zaraNza qatarliqlar terilatti
d87e15421c084a7cac28e8b373dc3c48,taN vetip qarliq coqlardin cecirilGan quyax nUrliri vaq xayiq besilGan zArdAk yaltiraxqa baxliGanda bOt vOti jilGisi Huddi vuzaq yillar vuyquq bAnit qilGan tilsimattAk jimjit yatatti
6d0cc562a4bc49c986218aa8db81b2a1,balidur mAwjudqa kAlgAn demokratiyA voHximiGan tarmaq birlAxmilAr wA vasas qatlamlarniN viqtisadiniN vajizi boluwatqanliqiniN sAwAb boluxi mumkin
30ed1ba50283451dba2b2199aba10641,muxu toqquzinci vaydin baxlap juNgu hindistan cegrisidiki vamerika hawa varmiyisiniN von vUcinci wA von tOtinci qismlirini ixqa selip gomidaniN HonAn gowaNxiylardiki varmiyisini nAnjiN tiyAncin bilpiNlarGa toxuxni baxliwAtti
82b5a7cc9d7946d49615857734d0dffe,biz bu suluq diyarda yeNi yilni qiyiq bAygisi bilAn vOtkUzix vadidin voyulGinimizda bayqal lina dAryas vaGzidiki ceNgizHan jilGisiGa sizilGan qiya tax sUrAtliridiki qiyiq bAygisi kOrUnUxliriniN qAdimki suwimiz bayrima pavaliyAtliriniN tAswiri dAp vataxqa yAHliqimiz
7fabab8c23dd48989d64c3c87ac16f09,vuyGur HAlqiniN mAxhur valimi talantliq vAdbiy tektikar baGwini mol miwilik prafessoriy vabdaxUkUr muhAmmAd vemin vOziniN bir talay yazmilirini gUzAl varzu varmanlirini HAlqqa qaldurup ziGqa kesili tuyuqsiz qozGuci sAwAbi bilAn bu valAm bilAn HAyrlAxti
72306be3fce446a698e73c3ae59a8c28,meNidiki buzuq Hiyallirni taxlatquzux meNisini kUpUxlAndUrUx vUcUn mAjuniy nujah Hemri mArwayit mAjuni muqAwwiy qatarliq dorilarni vixilitip berix kerAk
4a7df31ce5f2480099ae0933bf42791e,bAlbiGAmda vuniN tOgUklUk qAGizi bar
8a8490664b364a29b055d4375547e41c,buniNda qalAmpur lacindana jOzniN hAr biri von gramdin tANxilsA bolidu
decccb2e06e24e3d81cca681f71c9ea3,jAnubi yol vudun joju HerpanA qatarliq jaylarni desip vetidu
cb9b71a0f92b439484dcffd9cc5fc0c9,professor fertstar vApAndiniN qarixicA mArkiz vasiyA dOwlAtliriniN qatnax yollirini yaHxilax mAslisidA hAmkarlixalmasliqidiki vasasiy sAwAb beHAtArlik wA xarahit mAslisi vAmAs bAlki vikki mAsililAr hAm cAklimilAr vAN zurt tosaqlarniN biokratiyA wA qAGAzwazliq vikAnlikidur
274ae68b639a43408f0ee1eb7a9929a4,rajih vabdrixit xinjan qanunciliq gezitidiki tai rahman bilAn yaHxi dostlardin vidi
d33ef2ddd56b4124b90e7fbee6841235,vAmAldar vAwAtsAk qamap qoyGudAk xuNa sortarilix qAbiliyisidin vAlcA vAwAtkAn vidim
474ceb6f396d4eaea1a74bbe3884b475,solfat nilamAt tUridiki dorilarni vistemal qilGanda suni gOprAk kicix kerAk bolmisa vasanla zArdap kOsilir kelip ciqidu
fcf03af41c6a424d99b5e52d6a6a4549,hayttiliq qiz mari kaxosniN yUzidA vikki kilogram veGirliqta vaz kOyrUlidiGan vOsmA pAyda bolup qalGan
4343ce416eab4b819781976b22ac6e69,kaliforniyA vuniwersiteti qarmiqidiki dAprusm mAktibidA velip berilGan bir qadar tAkxUrUxlArdin vispadlinixicA vayallirniN tenidA yigirim bAx pirsAnt maymadisi vArlArniN tenidA von bAx pirsAnt maymadisi bolidikAn
f18c3c650d664177bd0fe60e129d0367,diyarimizda vAlmisaqtin dawamlixip kAlgAn HAlqira yipAk yoliniN Haraplixxi wA vuyGur rohitidiki pekinmA halAtniN xAkllinixidA vappa Hoja wAkAlikidiki hAHtum vAzAm vAwladliri bewasitA kOrUnArlik rol voynidi
9b5b98dc2d0e4dffa558f31a246037d9,meHaniy tipliq vuruq cUxUrgUc horizontal diskiliq vuruq cUxUrgUc yantu deskiliq vuruq cUxUrgUc tik voyman caqiliq vuruq cUxUrgUc qisquxluq wA tasmiliq vuruq cUxUrgUcni vOzicigA validu
f47c55a2385a40eb97e04f167ab2a680,dereJor qaytidin sAhnigA ciqip vorkestrniN yUnmAciliniN cirisiniN teNiy namliq muzikini celixqa deriJorlik qildi cUnki dAl muxu muzika sAwAbidin kelenton qizGa cersi dAp visim qoyGan vidi vu hazir vata vanisiniN yenida volturatti
9ad9eb4a4c2249a09c3d27b8bd71f924,bir qatar vilmiy vAsArlAr jUmlidin vAhmAt yUknAykiniN didaktik dastaniy vAtAbvAtilAqayiqmu HaqaniyA vuyGur tili bilAn yizilGan
1e307ea6fb104dc2a24ecefde4fa4f92,bu yAr caqiliq yandaxqaq merAn paHtbulaq dOnkUl saslAngAr xo reGil lawza qoxlANzA yetim veGildOqax qoxquduq bolup qoxquduqtin toHHula voymanliqiGucA yAnA von vUc vOtAN bar
a409ba909ff94295809edb1f6f23cbaa,vAjdadlirimiz bUrUndin valtu nepi toqulGan zarkim qizil buGa terisi qizilqomux xUyin vipart kUrkUmgUl suHa zArwAndi qarmuc biba tax vAsAl cUcUk bu vAsAl coN cilan parpaylilA pUcUk qap tUzduGi seriq mArgimux qatarliqlarni vixlitip kAlgAn
49adcc116a064eb8ba1b22620d8414be,pAhliwiy hakimiyitniN GArpirAs siyasiti xihArlArni yAnA bir qetim veGir voNlisizliqqa vucratqan
e48c74ce922e4d9ca65b1ee763cf17f2,vu pawelniN sOzini sewtayifniN vabroyini tOkkAnlik dAp qarap vuniNGa qayturma zArbA berix qararGa kAldi
0dece5ece3ab4508ad88f8654fc7933a,mowziduN tariH voqux lAhcA Hatirisi degAn kitablarni nayit yaHxi kOrAtti
e06f5c6720a94344affae8994ee98f6f,taGda yazni vOtkUzUwalsaq pateHlarmu kelip qalidu
3fe7e55c9fd144e5a834418df0de4520,varamgahtiki valtun kOmUxlArni dAp sidam nAqixlik vegiz karwatniN paciqiGa baGlap qoyulGan qarqanjoq valmasini sezip qelip goya vadAm yaydiGan vAlpazda yolqunup qawaxqa baxridi
cce4aaa57acd418293d33c9a89258475,kerim vuni bir nAccA sekunut kUziti beqip Gepla qilip munciGa kirip kAtti gArcA hArbir kixilik yUyinUx vorni vadAm boyidin vegzirAk tam bilAn vayriwetilgAn bolsimu lekin vixik vorniGa reHt bArd tartip qoyulGan vidi
464f7e68fb994571af80954e5ca329bb,vArzimAs vix vUcUn qatinliq qilip bir vadAmni vOltUrgAn jinayAtci lyaN jOfu vapnom rayonliq yuqur HAlq sot mAhkimsi tAripidin vOlUmgA hOkUm qilindi
8e57fcf0bda9429c952d75b065afd8bc,vOyimizdA siz markizim linizim toGrisida korjAktiklArgA notuq sOzAyttiNiz
5a530d967344454ea5aa02cfa010063e,sAkkizinci may kUni riGstag vUstigA sohit bayriGa qadaldi bu bAlki veGwadur
dae368cbee5841038cf3f80c47b83463,mAdristiki dArsHanisida volturup vuluG kitablardin dArs vetisiGu Hux lAbAy dAp volturar viduq
f14d0cb5af9c41649b64c1916d7dc1aa,picAkkUl zAhArlik yilini tuyuqsiz hojum qildi
b939a4cda43549caa3bc3641836948ff,vislamabat saHci vidajisiniN baxliGi caH tul vittiHar muHbirlarGa mundaq dedi visraviliyA saHci davirliri zuNtuN katcatniN jinsiy sAtcilikini tAkxUr UcUni vaqirlax turup zuNtuN vustidin vArzi qilixni tAksip qilidu
9639a7b08ecd411daa270379c2660d0e,zagruz taGtizmisi bilAn kort taGtizmisi viranniN kOp qism strategiyilik nixanlirini qodap turidu
f179a380e9894759be02c4f44404f77a,vikki kUnlUk pakistan hindistan diplomatiyA katipliri dArijiliklAr zOhpitidA hindistan diplomatiyA katipi sigstankar menon bilAn vUc kixilik birlAxmA terorluqqa qarixtUrUx vorgini quruxqa qoxulduq dedi
34bc6641f5e54918a5110c48f9c044a2,vuniN vizbasar bolGan mediwedioniN vinawitimu vAslidiki vikki pirsAnttin vu yAttA pirsAngA vOrlAp baxqa siyasiy vArbablar bilAn bolGan pArqA zorayGan
d37e0de525644b30bb22cdc492ab072a,rosiyliklAr berijniwni yat vetiwatidu
9a4fbac50a7245588cd97a14c095d901,qatnax ministirlikiniN muawun ministeri wiNyoNmiN muxu vayniN von sAkkizinci kUni taxyollardin hAqili siyasiti yAnilar dOwlAt quruluxidiki bir tUrlUk muyum siyasAt bu nuqta vuzaq mAzgilgiscA vOzgArmAydu dedi
f1d125be0ff048a89d6aed5f34ea1697,bolupmu bAdAn quwiti yetilip victihasi kUnsiri zoruyip zehniy quwitni kUnsiri Horitiwatqan vistudentlirimiz vUcUn qursqi vacqanda basi muwapiq veGizGa vanisi vetip bArgAn tavamlardAk mezlik taam yeyixmu voNay vAmAs
ff126548a3af4f049b05d4664b420851,kAri xirnisi sUrkAlgAn bir burdat capatqa gupalniN bir waqt tamiqi hesablindikAn
cd99e3f050c145539b15bf2f38a1561e,dunya bankisiniN baxliqi pawlo wolporwes pariJ sada geziti muHbirniN ziyaritini qobul qilGanda mundaq dedi
58610def8cb4467780640dfcd9610fac,yigirmA bAx pirsAntlik vekalogsniN miN wAstlik veritmisi yaki von pirsAntlik fastakniN vikki miN wAsslik veritmisigA tAN miqtarda vUnUm vaxurux dorisi qoxup tOtpAx kUndA bir qetimdin vuda vikki gUc qetim pUrgisi bolidu
4befdedd3a4e45f6916dd137ae2949a0,bu vitotniN tili yumurluq hAm vOtkUr bolup hAjwiliki nahayitA kUclUk
c15f52efd5374cd480e4a4d7e94b83df,vu seni vuzuq qilmaqci votluquNni yoqatmaqci sAn buni bilmAysAn bicarA Hojini yaz haji bOrA bilAn veyiqniN valdimGa cUxti
fa4e47d99bc94bb7bd12f659ded4fc20,bexiGa sokna xApkA putiGa kona tAtir baxliq bajingir kigAn voquGuci yigit deqqan vatliri bilAn tAN yUgUrUp vozun tUzni tUgAtti
522bed2cf325449c95cf02b268f97b78,hAr kUni sAhArdA turup qoycixliridin qancA tOl valduq dAp soraxniN vorniGa qoylarniN qomliqi qancA dAp sorGidAk
35964ac74ad14422bcba019ed3f6f8b1,toqquza tAl vabi kAwsAr vOylAdArya suliri bulbul sayrap kAtmAs vuniN behix kAbi baGliri
41bc4f0f89084782a12da1258c425657,yarAp degAn rAdif bilAn Gizil xAklidA yezilGan bu xevir mundaq vidi
f0bb81d84093439c8375b2d07a19ac8f,buniN varqidinla devaliqqi munasiwAtlik soGal votturiGa qoyulidu
a0dc91250d8d48e5bcb8d7f19404e1ce,vAmAliy vehtiyajGa vasasAn sarisiniN yoqum vAhwalini kUndA mAlum qilix hAptidA mAlum qilixqa vOzgArtildi
82c10ed1bb754b91b883fd3a4232dd10,bu kiyim saHta wA nacar mAhsulat vikAn suGa tAksila vONUp ketidikAn
cf785f683e874492bf9ca077b2996404,picAkkUl zAhArlik yelini tuyuqsiz hujum qildi
2eaa11b11c454e328905145c85670034,yawropa valAm qatnixi vidarisidiki valAm HetniriniN vetixicA bu sinaq turini yolGa qoyuxtiki vasasiy mAqsAt vadAmniN valAm boxluqida pavaliyAt velAp barGandiki dArdaxliq berix viqtidarni tAkxUrUx xundaqla yUz berix vehtimali bolGan HAtArlArni vigilAx vUcUn vikAn
f75538712e63420797d38a4bf165bf30,bu xilimxiq suyuqluq dAp vatilidiGan su qatlimi tAbii boffirlax rayoni
5fd65695e0cd43a69acd64efac51d442,HanimiNizniN kesilik Heli veGir dostum feJlin doqturni caqiritip kOrsitip baqsiNiz bolatti
c86dca30be6446a28c394bc68973e3a7,vu vUc boGuzGa barmiGan mOjizA yaratmiGan bAlki kojravinGa jAN vilan qilGan waqtidila voGul baliGa voHxiGanvidi
60b2258cfacd4dd9a03bdd7983283dc5,lAxkiri vixlar perqisi yandax begi HulsjiN koriyAgA qecip kAtkAnliktin padixa sUy yaNdi pi jUyniN qoxumcA lAxkiri vixlarni tutuxi hAqidA pArmAn ciqardi
00f5d005d3af4d37b3d207e5324dfb3f,wakalitAn setix dukanliri wakalitAn satqan boyumlar wA gOrOyHanilar satqan qayturulmaydiGan boyumlarda bax tapxurGuci vaddiy hesablax vusuli boyicA valti pirsAntlik baj velix nisipitidA qoxulma qimmAt beji tapxuridu
25fca0b3bdd1488a8e3cd37656a2a420,hAtta qelic yaki qalqan taqiGan batur jaNcimu nemiy vorminidin terk ciqmaydikAn cUnki qural yertquc xer valdida vazizliq qilidikAn vuniN terisini nAyzimu voquya voqumu texip vOtAlmAydikAn
fd32858c613241559ed1aac622a33bf8,Hujayin pAx taHtidin beliq konserwalirini velip vuni qizcaqqa sunup turup vAqilli qiz buni dArhal vapiNizGa vapirip beriN dedi
36ca252e90fe4e9eb382d61a7d0e4021,kONlUm gUl tArgUci bolup bu gUlxAn rAyhan zardin behesab Huxbiraq gUllArni yiGdi
5c4bd292ae834fb0b5c6f19a7e440976,Gopur haji bir miN toqquzyUz vAllik tOtinci yildin baxlap xagirt tArbiyilAxkA vAhAmiyAt berip HAlipAm mAtnura degAn kixilArni hAmdA mAmtimiN qatarliqlarni tArbiyilAp yetixtUrUp ciqqan
f8fd8f270a024e59a1f1112ed5129311,jAnnAtni cUxidA kOrsA GAm voHsidin Halas boluxniN rahAt paraGAtniN bixaritidur
934f20741d9d4f67873d4ea38d377ac5,buniN varqidinla dialogqa munasiwAtlik soval votturGa qoyulidu
e8838896304e4c178958b32cda5af3e9,ziyawudun nAzArHan HojamniN gUmbAzlik qAbrisig kelip vattin cUxUp tizlinip volturdi wA vAlhAmdu bilAn quluwellahu vAhAtni voqup qiravAt qildi
ec254f5f0419433c89cc3a956dbf8b23,nahiyilik HAlq hOkUmiti bu yil vatmix tuyaq safuq qocqiri setiwaldi
7bfb2fcf792148d79d8535d3092c34c5,vilmiy tAtqiqat bizgA versi genniN solHayliqniN xAkinlinix jAryanida yetAkcilik rolini voynaydiGanliqini hArgizmu solqolni kOp vixlAtkAnlik sAwAbidin bolmaydiGanliqini cUxAndUrUp bArdi
2799a79f2ffe49a2b4bbec035306c87c,nAsridin vApAndi xAhAr hakimi sAvit vibrahim sultan hAdiyA qilGan vOydA volturatti
3419617396484536955d2baef698b2f4,zunun qadir tarbaGatay wilayitniN dOrbiljin navisidA kAmbiGAl vavilidA dunyaGa kAlgAn vunniN balliq wA vOsmUrlUk dAwri viqtisadi jAhAti gumran boluxqa turmux jAhAttA namratlixixqa yUzlAngAn vuyGur yeziliridA vOtkAn
09a747557146454cb95eab6d85a6f59c,vUrUmciniN ximalidin tAHminAn von kilometir yiraqliqtiki fulkaNdil vUrUmciniN ximali wogzaliGa baridiGan mAHsus linilik poyiz fulkaN xAhri tOmUr yoldini vOtUwatqanda kOwrUk vOrUlUp ketip parawuzniN kAyinidiki wagon relisdin ciqip kAtkAn
28f74aed36c245f890bc97ef13e62262,qanjAmAtiy qoxini vUcinci qetim xArqqa yUrUx qilixta cAwAndazlarniN sehri kUci bolGacqa xAnxirAp quxti recad padixahlar varisida rAhbArlik vorniGa vOtti
19fb60836b2d4d7284974b5803881872,bu kiyim saHta wA nacar mAsvulAt vikAn suGa tAgsila vONUp ketidikAn
c9606a92dcd24c1ea99020c0991016bb,muxu toqquzinci aydin baxlap juNgu hindistan cigirsidiki vamerikawa varmiyisiniN von vUcinci wA von tOtinci qismilirini vixq selip gomindaNniN fonAn gaNxiladiki varmiyisini nenjiN tenjin biypiNlarGa toxUxni baxliwAtti
3ab2e81851a445eb9bce4e363c54dd45,voluG Haqan kOk tANrimniN voGli jedHuHa vamgoka valiyliriniN sAltAnAtniN von yAttinci yili tOtinci vayniN yigirim sAkkizinci kUni sinkAy visimlik bir hArkixi bar bolup vu rAybo visimlik bir vayalini romvisuGa setixni Halaydu
4eceb9662566448583aa5338955922b1,vintayin vaz pAriq bilAn meksiki zuNtuN saylimda mAGlup bolGandin keyin lopez volawdur kixilArgA rAhbArliq qilip kANkOlUmlik naNmayix qiliwatidu
b196ffbf70d44b7290d7012b856d356b,vOyUNda dArtlArn tartip dArdingA dArman bolidiGan yaHxi HotuniN bolsa hec nArsidin GAm yemisaNmi bolidu
ad9333a59a3d495f93b37048b5615b85,burunqiGa voHxaxlar mavuzdiN vuni kOzgilmay sAhraliq tompayi dAp kAmsitkAnsiri vu japan muxAqqAtlik kAskin siyasiy kUrAx varqiliq viradisini teHimu ciNitip jAmviyAtkA vOz viradisini wA vOziniN tAlipini taNatti
b059863acabe45f9b08ee540c25efcf5,zAhArlik vOsUmlUklAr tArkibidiki zAhArlik maddilarniN tUri Heli kOp bolup vasasliqi vorganik kesilta vOsUmlUk vixqari floris vefr qatarliqlarni vOziccigA validu
45cede788cbf4ff7930f67d116fc3230,mubada GAplAt vuyqisi Galip kelip bu kimA sutigidA pinhan yatqan birAr taxqa yaki dAryaGa vUssUp kirgAn birAr tomxqa dasadipAn vurulup kAtsA nA vozi billa qizil qiyamAtniN vOzi bolidu
e0e440e7b3634dc88cbbd209eb9baf77,vakufka buddestla nuqti rAxit wA coqti rAxitlA koyllon taGliriGa cekinip vOzlirini vOltUrUwaldi
5ba3ce64b46c441db8aaa9ed9eacc937,nAsridin vApAndi xAhAr hakimi sAvit vibrahim sultan hAdyaqiGan vOydA volturatti
7c79ea9c878d41c8a4dd3f07554ac8d0,lenin mawzulini vadAttA rosiyA dora wA Huxbiraq vOsUmlUklAr velmiy tAtqiqatHanisiniN janliqla tebbiy tAtqiqat mArkizidiki mutAHAssilAr remod qilidu
0bd688afff7848aa97dee72908781935,buniN varqidinla divalogiqa munasiwAtlik suval votturiGa qoyulidu
f053c8f5e53944948121215a2177d64c,vArzimAs vix vUcUn qatilliq qilip bir vadAmni vOltUrgAn jinayAtcilyaN jOfu vaptonom rayonluq yuqur HAlq sovt mAhkimisi tAripidin vOlUmgA hUkUm qilindi
4b1a40099d92483a927327f07a277397,bu cUxAndUrUx kixigA vuyGurup tildiki mora quJundap qaldi degAn vibarin vAslitidu
55f5702acfbe4fd59f6b162a7d64680e,jUmlidin vular kicik tuHrilar bolup caqiliq rayonniN vahalisi deyildi biz mana bularGa vAsasAn caqiliqniN vAyni waqittiki vahalisi comulla vAmAs seriq vuyGurla vikAnlikini jAzAmlAxtUrmiz
5754c0c68dca46eaaeab226ee394ac24,yunanliqlar mAzkur rayoni vAN kecikkAndimu vesHil yaxiGan dAwrdila bilgAnidi
b46bc372b1d5453b816578af40b913b9,til xu qanuniyAt boyicA tArAqqiy qilidu begiyidu wA mukAmmAllixidu
11cc70a3fe624f7f8f6d664feafcd8d2,xu kActA qarsam siz vorniNizni yoq vikAnsiz nAgA kAtkAndu dAp voylidum
a8590dbc1a5745c2bf757ef442f3dc04,vu yotqan kOrpA tozGaq zamantA qilGan quraq wA lAslik yasluqlarni tAyyarlap qoydi
38f6dfbcf19f455892dc0d3ba383c983,vu seni vuzuq qilmaqci votluquNli yoqatmaqci sAn buni bilmAysAn bicari Gujaniyazaji bOr bilAn veqniN valdimiGa cUxti
fcd467e790aa4bef980bbd00fe2c0e22,dadam yamaqci kAckUrgUcA mukidAk midrlap mUkciyip volturup derAj bilAn yeNlisigA gAp qilidu
66de46906788474a92d156c06d2b6942,wiz qilGan vawaz bilAn tAN qar vUstidA birtal coG pirqiridi bu voq vidi
dd300fc5b0dc43d98104225e37f00bf6,Huda vOzANgA vamanAt cuh sayt vatqa qamcA vurup qoruq catqan varisidiki tar ciGir yol bilAn qoyundAk capti
97dc8f5569c3463d8f882ae72f901113,jAxdoweskaya muxu pUtUklArni tAtqiq qildi
b74faee5cda4493db4a94d1eba3b646b,franik kedeson vAngeliyilik qoxaq tAtqiqatcisi bolup vu bir miN toqquz yUz von bAxinci yili velan qilGan vAngliyA HAlq qoxaqliri nAziriyAsi namiliq vAsridA HAlq qoxaqlirini tOwAndikidAk tUrlArgA bOlgAn
3398183968e44f88b9879737df22b460,nemA xAyitniN bu qizGa rAhim qilix mumkinmu
d0e19ecaea324593b8dbe3625348171f,bu kiyim saHta wA nacar mAhsvulat vikAn suGa tAysila vONUp ketidikAn
7ad33c9db4f04d7f9938d9c5992b2bf6,vabduqadir damullam qutluq xAwqigA voHxax kattilarni kOrAlAptim dedi
e1163e41505942708b1dd5495eadcc40,xAhArlArdA valiy mAktAp doHturHanla teyatrHanla cAtliridA zawut fabrikilar kOpUydu
cdd0d02e7ac740149c91c7d5cc28ea1b,dunya venergiyA transportidiki vUcciN muyum qatnax veGizi hormus boGuzi sUwAyix qanili qizil deNiz bilAn vadAn qolduqini taxlurup turidiGan mandip boGuzi vuniN tAwAllikidA
30d6b306d14247b6ad875d5c30c5bd06,vismavil tiliwaldi valtay xAhriniN valaHaq carwuciliq mAAlisidiki carwici xarulHanniN vOyigA kirip vuniN bilAn vavili vixlir toGrisida paraNlaxti
3e4e85241edd47af90506e79286ccb44,lahordiki jamavAt Gulam vAhmAt mirzini pAqAt mujAddit yeNiliqcisi dApla qaraydu
a61e76cecc704555b633af23f9c82625,mAkitlik hUsAyin yAhya qatarliq sAkkiz nApAr boqamci vilgiri keyin bolup fransiyA yaponiyA vAlgiliyA qatarliq dAwlAtlArgA ciqip voyun qoyup bu mAdAniyAt muraslirimizni dunya sAhnisidA hamayAn qilGan
f5c97513bb064d529c0b2b9a6c72e73a,vilgiri yamGur yaHsilar pUtUn yAr patqaq bolup ketAtti
0cd99aa0e5b14e2aa40c213bc5947856,gerenwil vixni teHimu vOzUl kesil qilix vUcUn graf bilAn birlixip padixahni hOkUmAttin ciqiriwetixkA mAjbur qildi
4cb2875062a940a18eca808e2643345d,valdinqisida razwiyetkA qilix bilAn zArbA berix viqtidari bir gAwdA qilinGan bolup yoxuruncaliqi kUclUk hArikAtjan jalliq bolup pAs vucup radardin vOzini qacuralaytti
7093ab5a90304305ad3cf77941d90c83,voq vuci rezbiysi zAHmilAnsA qaytidin rezba tarsi bolidu
6ceec5cdcc4f4e8e93f22b138b48f32b,bu dOlAt tArAqiyAt veqimiGa mas qAdAmdA vAgixip maNalmay sAptin cUxUp qaldi
b8f6835c42f44a2195b93afdfbc6fa88,HotAnniN katta baxliridin vAyyup bAg qatarliqlar HotAn lAxkirigA qoxuldi
1b351df1535a4e20a24164a308d88839,vular ta hazirGicA tOmUr vUjmA degAn gApni vaNlimiGan boluxi mumkin
659457b4c348416fbd1b4acf6c3a2644,mawu qoymicilarniN vustulGini kOrmAmdiGan dedi sawut vaka veGir voksinip vOzUmniN qoxqirini vOzUmgA setipta vAmAsmu
4637cda52b10405497962c62aa90b257,vuniN qaGa qozGunlarnimu yawa tuNguzlarnimu tilliGusi kAldi
21b4a82bd58c4697982149e5083fc23c,vularniN varisida yokus xirkitiniN sabiq lideri valeksander xundaqla maro verf qatarliq yuqiri dArijilik HizmAtcilAr bar
5bbd7821510d4c2c9765998b05d2eac2,caxqan mayiqi sAbri qatarliq dorlar nAm wA vissiqtin vOzira caplixip kallAktlixiwalidu
7f41d8ba89b34795b5c11ce701fec4b7,vu vekranni sUrUp vikki metirdAk yiraqlatqan bolsimu lekin yAnila flovorsent yuruqliqi caqnaydu
f4c2da980ec643849f49e6ddae7129cf,vamerika dOlAt katipi vottuzinci noyabir yerusalimGa berip visraviliyA zuNliisi volmert bilAn kOrUxti
c83cf8e312a444c585dcde69fcb643cd,baxqilar vuni tAjripHanida zAhArlik dora yasiGuci Hemiyikqa voHxitidu
44ce804fd7da44c18b9cbbfb739049e1,vana sUti tArkibidiki vozuqluq maddida baldur toGulGan balilarGa nisbAtAn gUhAr bolup yaman HarAktirlik kicik vUcAy boGmaq vUcAy yalluGuniN valdini velixqa paydiliq
bcd3433374de4e4e81f0ed40ab5385c2,gUldUr gOp qilGan qattiq vawaz bilAn lefet vadAmlArniN qiyaciasi vicidA vastinqiy qAwAtkA cUxUp kAtti vicidiki vadAmlArniN hAmmisi qaza qildi
bc1bad90e85445aaa7a822248a760442,Hanfilayis hArbiy lagiri sivoldiki yAtmix kilometir kelidiGan peNzi degAn yArgA jaylaxqan
5bebaf75362749a6ab0620072e6f627f,Geni jUmAniN vix vizliri daGduGluq tAxwiq qilindi
dc732517674543e2a495f86467f94bcf,toHti paxxap vOy HizmAtcisigA celimniN sUyini yANgUclAp tamaka silip kirixni buyridi
0d74e74a5b27443fba21dd9118e1f9f1,picAk gUl zAhArlik yilini toyuqsiz hujum qildi
f55238cd37d54b298011bfbc95cbaeeb,xinjaN voperavOmki vorlinGan coN tUptiki muzikiliq tevatir munslaq kAlgAn mehman bejoni tAklip qilidGan daNliq reJissori ceNwi HAliniN tittAkcilikidA bir qisim jadiri qaytA vOzgArtilgAndin keyin patarda mAniAt minsisilik tAxkiligAn mAmlikAt boyicA von narada teyatr vAslidini tanlax payitigA qanaxurilidikAn
b2b8b8136f2c4d81a7e53e64b514c2c5,bux bilAn vikkinci voGli yAni wirginiyA vixtatiniN baxliqi jimniN siyasi zAhnidA bax kOtUrginidin baxqa qalGan pAzAtri nami ciqman vadAtA kixilAr idi
12b86ea95588452782c5525904666509,sosiyallir partijisidin bolGan josiptin ceklix delos bilAn sodiyniN sorqini qobul qilGan
10023c6812e745d3b9e30134390c1e8a,vikki pirsAntlik metil wiolin sulfakledserin HuangAnyu bAx pirsAntlik tramirsin mAlhimi yaki pensin furatsil mAlhimin qatardiqlarni vikk kUni bir qitim sUrkAx kerAk
9df46beb1ea54225b991f78664406c11,bolda boldi bAk tol sOzlap kAttiN qop hazircA kamirGa kirip kAt qalGan gApni keyin deyiximiz dedi tUrmisAqcisi
df89b98da5f84955b4c7d848f153bcc5,nuri mAhAllA HAlqi hONgUrAp yiGlixip hAmrahni vanisiniN yeniGa hAmrah qilip kONginini teHi bilmAydu
aaa0da86429d46978c10ca26551f8d1d,vamerikiniN morgan rokfilliridAk juNguniN jANjixidAk katta baylirimu HAlqniN vAmgAk tArihisabiGa kOklAydu
a4e0cbbaa6704589acd67fbca02162fb,yeNi zelandiyA bilAn vawstraliyA vANgliyA padixahliqqa qaraydu
fb6e32785f96406ab146c55e6ce449ef,yezi muvAllimliri mAhAllA mOtiwArliri yiGip bArgAn jAmavAtkA gizitni zoH xoH bilAn voqup berAtti
1c2107540fa24c798e573c97ba190805,hazirdin baxlap bu vuxqa kox qilixsila qancA kOp bolsa xuncA yaHxi
c42adc6b997a468fab0d6beaf4a4ca55,HAyr buniNGimu xUkri hAr halda bir vaz vinsapiN barvikAn
12f4276f809d4d09962a406b31511664,vAN muhim tArAp kariz sUyi yuqur dAp vOtkinimizdAk taG yiltizni veqip ciqidiGan sapsu bolux sipiti bilAn turpan HAlqiniN batur hAqqaniyAtjil vAmgAkjan vetiqadliq sAmimiy vAstavidil vaq kONUl kariz sUyidAk kincliqni HalaydiGan yuwax yeNliq pArwAr HarAktiriniN yetilixidA muhim rol voyniGan
90465be21e5c453ea6425e80dc3010c0,kAxmirniN mArkizi muzAffAr vabadta yAttinci vOktAbir HatirlAx paliyti vOtkUzUldi
7c153d16155c46329501dfe209df42bc,vaplabay mAHsus dewiJUk bilAn nAccA yUz watliq lampuckilarni yoritup kOl boyini kUndUzdAk qiliwAtti
493726ff0e0c4dabbdd267689878dcda,kActA tamaq biltimizniN vAmiliy vAhwali qarap vikki gramliq birAr zaGra yaki kakcA valattuq
42a7b736e22b4a0e95b1ba29f0970719,mana bizmu hAcpAxtegUcA coN bolup bir vOyni baxqa keyip bolturduq
444a06e3cafc4d06a3d2ee1a6a541d2c,sAhArdA qattiq toman pUtUn xAhArni qapsiwaptu
1fe33d25043c480fb5f6761cd61b114b,bu telewiziyA teyatrini vular nAccisi pilalGan
17740dfc306647ef8d82622efbff2f73,bu qetimqi vapparat vislahati varqiliq qatlamlar vazaytilip Hadimlar viHcamlaxturuldi
c3b7e244dac34a1dbc395d1649b1d462,vu vOzini HanawAyran qilGan vaxu bandetlarGa cix tirniGicA vUc ciq qilidu
427162994159401e98c808c7d5e3e4c1,bu HAwAr nahayiti tiz tarqaldi yirim kUngA qalmay kAntikilArniN hAmmisi bilip boldi
c84c52163a47461da31e1051c7ad2ba4,sawaqdaxlar yardAm qilip qep qalGan dArsilirimni toluqlixip bArdi
5ae179c8ee544820a5f75d35457ec1f9,vu tolimu yUrAklik qaqas taG qaraNGu vormanlarda yol meNixtin qorqmaydu
c742956f0b234e3e9ad7658266087892,mAn vuniN vimtihanda jittiylixip qolliriniN titrawatqanliqini sAzdim
7f804fd936a947deb65ba470e6d2fd36,dUxmAnniN vuxtumtut hujum qilix suyqAsiti vUzUl kesil bArbAt boldi
47aa57663b624bdba8268f5768da512a,cerigAn yeGaxta vOy selixqa bolmaydu
46e06b81404f4262bb5390754c3faab4,qomandanliq kitabi vAslidiki vurux pilanini vOzgArtti
5422cc7154df4d47858cdf050afbc139,seniN bu qilGiniN Huddi caNqiGanGa su bArgAndAk vix boldi kOptin kOp rAhmAt
f8a3d29e87084bf8b0cde506d9aacc2a,vorun valmaxturGandin keyin vu dArsni kONUl qoyup vaNlaydiGan boldi
fb3fefaadedd4737bf786ad63c5d872a,pUtUn mAmlikAtniN hArqaysi jaylirida kAN kUlAmlik mAhsvulatni vaxurup ciqimni tijAx hArkiti qozGitildi
dd12423881f24186b6b998a075c7bacc,yUgUrgAndA varliqta kOp kUc sArip qilmasliq vazraq kUcni vaHirqi hAl qilGuc basqucqa velip qoyux lazim
3cd89a2af1d44865b1908991ef662a77,puxayman qilGanniN paydisi yoq vAmdi qandaq qilix kerAkliki toGrisida voylixayli
b532b87afddb4042882119cf5f6fda46,yazliq tAtil yaqinlixip qaldi mAn kecA kUndUz seGinGan yurtumGa yAnA ketidiGan boldum
186b569f1e7c4261bea17fb0402ff98d,dunya rekordini buzGan tAnhArikAtci hayajinini basalmay bAx yultuzluq qizil bayraqni kOtUrginicA yUgUrUx mAydanini bir vaylinip ciqti
37beef3b18bc44e2ad3c25a779ad7b27,hOjjAtlArni tez joqat dUxmAnniN qoliGa cUxUp qalmisun
79bd848df98e4f11aee728bba5410247,muvAllim vuniN mAktAp qorxaw xahmat komandisiGa kirixigA qoxuldi
af90059743a14ab2b580190af98a6a1e,poyuz qattiq gUrkUrginicA vucqandAk vOtUp kAtti
c47d7bf9842d4f18aabe25e76c109d6e,biz vOzimizni kolliktipqa paydisiz vicni qilmasliq hAqqidA vagahlandurup turuximiz lazim
6ac0224c48474baf9cfbdde0368fc711,bu yoruq taG jilGisidin kixiniN kAtkUsig kAlmAydu
b03aa9928a3c4f7a85f2410c68f275c6,vuniN hayatliq musapisini voNuxluq bolGan desA bolidu
0cf139f431a943bd9aecc2523a3ca6a3,vamma varsiGa coNqur cOkkAndila vamminiN varzusi wA tAlipini bilgili bolidu
e3de9d648bd84cb780b77a4645f69742,vu hAm voquymAn hAm pultapimAn dAp nAtijidA hAr vikkisidin quruq qaldi
6607a25b87da4d14803c13e0a10ccf7b,velandiki HAtlAr tutuqlixip ketiptu
a087c612a14945be8f2665a24f60db91,jahangirlarniN tajawuzciliqi juNgu HAlqiniN tajawuzciliqqa qarxi GAzAp votini tutaxturdi
d2b7b41491b54013bc3e957f3964923d,vu helimu bAk jarcap kAtti yAnA kitab kOrUxkA zorla wArmAyli
fdc49308fb35406094cd55b34fa0435d,kona sawaqtaxlar kOrUxkAndA nahayiti qizGin hesiyatta bolidu
e6f50be715c344f79b3c70d16f82c941,sAn vilgiri yaHxi bala bolGan bolsaN hazirmu yAnila yaHxi bala
92661140a166495d810f9bce34e10ff0,bu sinipniN sinip vistili yaHxi voquGucilar hAmmA jAhAttA tAlApcanliq bilAn valGa vilgirlAydu
4b1dedc7f49d4d66a3e21a03293bff8f,qedirip tAkxUrgUcilAr yAr xAklini tAkxUrmAktA
e323647d1ec642359b76973131c0a890,voqutquci bizgA bu wAqAniN hAq nahAq toGra Hataliqini muzakirA qildurdi
69cb6006c0a649ac83e8042496dddcd6,muzikida valahidA qabiliiyiti bar sawaGdaxlar vaNkitta vAskArtip qoyuNlar
a8edfed57d4a45ad81d78e32c69ef3de,vanisi kOyUnUp baldurraq qaytip kAlgin dedi
92972d99ea574779a10456b15d780487,bu vix yUz bArgAndin keyin vu qattiq vazablandi
65220d6d4c7e4bba9878f8e29c7eef94,bu yArdiki vixlarni tUgAtkAndin keyin yurtumGa tuqqan yoqliGili barimAn
7d984c8700dc46d78e1acdcbc14211b1,dunyadiki nurGunliGan qAdimiy hayatliqlar burunla tUgitUlgAn
ee8a1493fc294f5d913c1d0f0decccce,tOttA zamanAwelixixni vAmAlgA vaxurux pUtUn mAmlikAt HAlqiniN vAN coN varzu tiliki
1ca6e10ac031444ea0a7eb376d2339b1,baliliq caNlirimdiki bAHtlik turmux hazirGicA yadimdin kAtmAydu
b125dd927af6479ea423502ef58bc454,cAwAndal bu xax vatni vaHir kOndUrdi
75440eedae5d4abeb298c48b8a98e207,bUtUn mAmlikAt HAlqiniN tormux sAwiysini halliq sAwigA yAtkUzUx vanca vuzaqqa barmaydu
3d4c6056a2054439a27d57b414612015,maqaliniN yaHxi yamanliqi HAtniN kOp vazliqi bilAn muvAyyAn baGnilixliqi yoq
f1e1f223b164469a90c3ef08cc7ed8b1,vOsUmlUklAr bAlgilik temperatura wA nAmlik bolGandila saGlam vOsAlAydu
4e16fe998edf40b5a81d648e59adcd19,biz barliq hArikAttA qomandanliqqa boysunuxni vAmAlgA vaxuruximiz lazim
1122fd05ff3b4ea283cad03a9e5b9c63,bu yil yazda jAnApniN kelimati vadAttin taxqiri vissiq boldi
56d53116bfc943ee9382cf8b91b2f0fb,vuniN hayat ceGidiki dostlirimu kelip tAAsiyA yiGiniGa qatnaxti
0f3727c678c042f7a0e278ea3a603cf0,vu vikkisiniN vAplixip qalGanliqi hAqiqAtAnmu qanalAnlik HvaHirlixix boldi
d9fb7d671dd54d5d82a676e58c039f18,vu vintayin rastcil vAzAldin saqtiliq qilixni bilmAydu
6406d8f4430141b78fb4804fd94adacf,vu bu yArni nahayiti yaHxi tArtipkA saptu
8f78a3179eaa48939d13d105ce1bd7aa,mAn vAtviki yiGiNGa sOz tezisi tAyyarlaxux bilAn hAlAk boluwatimAn
682fcb1dd39c42c5a9f3787c38a51ab4,siNlim vOstANgA berip suGa cOmUlimAn dAp jedAl qilGanvidi dadam vuni tosup vOygA solap qoydi
8a216b59729d4e1b8049434f129e83ed,cUnki xekAr kOktat tArkibidiki suniN vaktipliqini tOwAlitip mikromaddilarniN kOpiyixini tosaydu
c46f13e356f54be4a066b9cebd336b71,mavarib pUtkUl maddi wA mAniwi tArAqiyatniN vasasi hazirqi zaman velimpAn dArwazisiniN vacquci
b1ec3c13947f4992a12e68b3495d4ef4,siz HAnzucA vingliscA vuyGurcA qazaqcA vaNlap cUxinAlAmsiz
87e7f4ea32e5401bae33f29b9921ece4,vAmdi qaysaq mikin vOygA kAc qalmayli yAnA
efbda352dbc548dbb2de3232b0aa7884,xenjaNda tepi vuniwersitet bar
bc15b153a1fa409f9b2045ca3549c5ba,vAlwAttA pAriqliq bolidu dA
f2f254fa45064670b0d9f2854930fa61,vundaq bolsa mAn HatirijAm boldum biz su vOzgili barayli
5b38345ed50f4dd2a67e4cf5be2cf5e5,tinicliq kinoHanisiGa qandaq maNidu
bc5ca1e3c4434b8cb1514eb959293b84,vuniN motosklit wA musabiqA welsipiti bar
c19d8fd5189842de9c35a206e541d76a,mAn hammaldim birni tapsam bolatti
d5bcc33d806e463fb9e785f668e35b36,vawropilanniN vucuxiGa yAnA qancilik waqet bar
591f1a450cd34c1ebde49c283d8a7828,mAn vAtA maNmaqci
bb25f7e4da9e4dfe93de1d8bf5613aa7,bu vankitni tolduruN
a582414712bc4a55b757aa63819995cd,bu telefon yaHximikAn
6600285f8f9f44329fe01e487f0b6fb5,doHtorGa kOrUnUp beqiN jumuN
a88147cd6a564fa0b5df200bebb914ee,kAcUrUN mAn kompyuter valmaqci
a74627fa7fd8495f96e583b5d8d290cf,taluniNiz bilAn vaxqan puliNizni viliN
6525e48e5852455d8b190afea01ced34,qandaq kitablarGa qiziqsiz
9835fbf4d32b444fb5aa54475f007507,siz vAmdi talaxmaN
3c5e3c363262400c85f837e2ed27feed,vArlAr kONlUki vayalcA pAltu vOrA yaqiliq mAxhut yepliq kONlAk kalta capan yopka bar
705f8d8ddfe64e41a94552c4367173ac,bu yArdA plat bAg mirvabdulla bAg babaq bAg seriG bAg mirzadoxt muhAmmAd bAg mirzaabdurAHmAn bAg qatarliq bAglAr bar
387f3dba5370453582070b2ef80653b6,mawu vilwan krUklinkofniN vOyi boway qirGaqtiki bir vOyni kOrsAtti vuniNdin vOtisiNiz bilinliq wolitkin wA zinowiflarniN vOyi
8a7c5b53cfe74374be41edd3c3823461,bu dOwlAt kUcAygAn waqitlarda territoriyisi sAddicinni pasul qilip xArHtA liyawHiGicA GeriptA pamirGicA ximalda bayqal kOligicA sozulGan
7bec642a6fe64747958b8f922ec6176d,vuyGur tibabAt Hadimlirini baxlap laNru teGiniN meter sunsAlduy bAtnix sunus cambux puxaq qatarliq jayliriGa ciqip vatmix Heldin vartuq vot cOp doridin bir yUz von vikki taGar yiGip kelip yArlik dorlarni kAN kOlAmdA vixlitixkA tOhpA qoxqan
1309a1d18fbe4cdfa3e738a7ec3b5379,veniqilixicA bir miN toqquz vUz toqsaninci yildin vikki miN j yilGicA xuygojAn jaNso vOlkisi yAnciN xAhArlik partikumniN xujisi jaNsu vOlkilUk partikum davimi komititiniN vAzasi tAxkilat bOlUminiN baxliqi wAzipisini vOtigAndA wAzipisidiki qolayliqidin paydilinip jaNsu HualyaN guruniN direktori jaNjuNlyaN jaNsu vOlkilUk qatnax nazaritiniN naziri jaN xyayAn jaNsu yuda guruvi cAklik xirkiti muderiniN rAvisi Hu yuylin jaNso vOlkisi liyaN xAhiri vaxliq setix setiwilix xirkitiniN direktori taw HuNjun jaNsu vOlkisi cUAnniN navisiniN mawun hakimi waNli qatarliqlarni mAmpAvAtkA verixturux bAdilgA vulardin nAccA milyon UAn HAlq puli nAccA miN vameriki dolliri para valGan dilo pax bolGandin keyin haram pulniN hAmmisi qayturup kelingAn
5b1ee5b28a874791a29bd04fac3f0f3f,bu qilmixlar vArzan qolay vOy bahasini vijra qilmasliq tawar vy bahasini vAngA valdurux tUzUmigA boysunmasliq natoGra wasitA bilAn bahani vOstUrUwilix baha vUstigA baha caplax baha valdamciliqi qatarliqlardin vibarAt vikAn
27f25ed747224204876e1424f53e6026,vOpkA tebrkelyuz kOsligA griptar bolGan kixilArniN tenidA venergiyiniN Horixi tez bolidu
c4a61395681a4b0e80780630aca0b3fe,danisiniN coN kiciklikini xtaNgensirkol bilAn vOlcaxkA yaki tOxUkniN diametiri voHxax bolmiGan vAglAk wA soqacaq tOxUclUk vAglAk bilAn vOlcAxkA bolidu
337d980ceb3346f49d99a8d84e6f9b2c,tonurkawpi bArkawop wA samsu gOxkerdiniN lAzisini qaxqar tAqiqititiGila boldu
423ce807d210485cbf46db8ac6510a6c,vAgAr vAzan bamdat namizniN vAzini bolsa hAy yArdin keyin nAwm vikki qetim voqulidu
180fc948609340638f16225014b62c3a,pasqa bayrimida vANgliyAlik vottira mAktAp voqutuqicisi vanni molyer bilAn vayli vollur dinorg bilAn pariJiGa sayahAt qilGila bardi
76635d99e3b743ed93f56b5d753a1ccd,wyetnamniN dOwlAt rAyssi rOnmiNci von toqquzinci noyabir paytaHt Hanoyida yeGina qatnaxqan rAhbArlA vimza qoyGan Hanoy qitabnamisini jakirildi
66a2e6fb77f34fd5a676bdc063170ce9,bulbunlar vAllAy naqsiGa jOr bolup zoqxoq bilAn sayrixiwatidu
9bc53ac934334d4fb2f705ee08801c51,bir qancA hAptidin keyin vu tel vawwewtiki bir mehman sarayda vamanliq saqliGuci bolGan
832dd1d4f7e64aecabd507697d3da87f,potinniN vAtrapidiki bAzikicilAr zuNtuNniN wAzipisidin vairilixidin vAnsirAp vuni dawamliq hakimiyAt UrUgUzUxkA mAjburlax vUcUn vuniN GAripliklArniN nAziridiki vobrazini HunuklAxtUritixkA vurunuwatidu
d32bfdfdc9c24359912ebc5dd04ffc96,sOdUkimu sUzUk bolsa qeniGizniN saGlamliqini bildUridu vAgAr duGlaxsa yaki yUzidA yaG matcilAylap qalsa bOrAkniN vajilap kAtkAnlikini bildUridu
e1aad15ae1c240bdb5d85cc990cc29ca,bAyjiN sUywi yolidiki mAktAp mudri bizniN bu yArdA dAl voquGuciniN vintihan numriGa vasasAn voqutGuciGa ba berilidu dedi
dc30e6eed5b8468ab062d32078d752b8,valfred jAmviyAttin biHAwAr halda bexini vicikA teqiwalGan ziyanlilarni vAyiplidi
d6e4a1ae99e941798c9a3875858ce712,vuniN familisi loxkariG bolup ruscidiki qoxuq degAn sOzniN voquluxi bilAn voHxixip kAtidu
56f34161df944e438613102f13ca4f18,kUndilUk turmuxta pAlAmpAydin cUxkAndA pAlAmpAyni sanisimu HAlq mAydanda Hixni sanisa yol maNGanda yol boyliki dArAHlArni sanisimu bolidu
188a140fb2ca4330bc8ad1602ec49bc5,vizahatta vistemalcilar tawar vOy setiwilixta yaki majra yUx bArgAndA hAl qelix qiyin boluwatqan bir qisim mAsililArgA konkret bAlgilimA ciqirildi
ed3841bc804d4a9a98789ed61196714d,rama maymun padixahi sugriwa bilAn vittipaq tUzUp maymun wA viqilardin tAxkinlAngAn zor qoxunni baxlap nara yasiGan vusun kOwrUk varqiliq deNizdin vOtUp lanka variliGa baridu
6d8994e99ba64570bd6a948d931b50db,yAnA tUpraqni munbAtlAx tUridiGan vamu dArya vayal vilahi varduw sura bar
0b262c50ee6348a28abec8546e02808a,sUrA vAnfalni voquGanliqini cUxidA kOrisA dUxmAnniN vUstidin Galip kelip nurGun GAnimAt mal dunyaGa hAygA bolidiGanliqiniN bixariti dAp qarilidu
7b2e465af3a5447abc28d5e9635c9302,vular hArqetim yepixin caqniGanda warqirixip kOkkA rAhmAt veytip turGan yArlirini tAk vidu wA qilixlirini voynitidu
226d107be3f9427b9a479900421c1f52,yUrAkni yolup taxliGandAk bir muytiyix militiq vawasi meni gangrtipla qoydi mAn bilAlmAy qalGan bu vawaz heliqi vayalGa vetilGan militiqniN Hiyalimdiki vAkk sadasimu yaki rastinla meniN qulaq tOwUmdA vetiliwatamdu buni bilAlmAyla qaldim
26ccc683774647eb9b6fe5f64d70cbf8,bumu bizniN buda keliximizdiki mAqsit vemAz
0b1039aea80c47c0a8b9f0539ed7d0df,bUgUn biz qarix tArApkA bir kONUlsiz HAwArni veytmaqci
937825a149594ca5b6cd4926789b44b6,bu sizgA vasanmu
20ebeb89601b480a84c1602de0d72d2e,bu mAsilidA biz kelixAlmigUdAkmiz
76d4e0a4f7714ed89f54e95592f98929,muxu hAptidA kUrUxsAkmikin dAymAn
8a23feecad584e0699c051090cb15eea,toqsan yaxqa kirgAn vadAm vuzun vOmUr kOrgAn bolidu
b0818abd4b5c4a17b077d333dd467a19,bu bizniN daNliq seyimiz
fca24e00813b4bd28609a61fa552314d,xivAndA kOrUxkA tegixlik qaysi tariHi mAdiniy yadikarliq wA qAdimiy yadikarliqlar bar
f0f28842c63d45c998b980a65bf14e4e,vAssalamu valAykum yaHximusiz
971f9e603d104b4baaf6258417665a88,buni veNglizcida nemA dAydu
20886491e5ad494690213d4087e32b27,qaysisi sizniN somkiNiz
2e27edc0774b47488f41a98d20cd2b71,mAn vAslidA vu yiGinniN vecilix waqtini bilidu dAp qaraptimAn
b84dabb457df4749a39970018e955531,rastmu mAnmu vu yArgA kOcUp barimAn
13a0914d1a3e4774b40e2f8657893953,mAn vixiktin ciqay dAp turGan
ecc430fd71ac41fba66ebde50d33ce36,toNlatqini yOtkAckA yardAm berAlAmsiz
a9fd366caaec47ec9528fb5b7f1ce9f2,dArizini yApiwetAmsiz
11bcf538d8444f9fa44109b16fb4586e,vodul valdiNizGa meNip vikkinci tOtkucidin solGa burulup maNsiNiz yetip barisiz
d6be14937c404edbbf3b5aef62b562bb,valdiNizGa tAHminAn yUz metr maNsiNiz voNqol tAripiNizdA siz Hatalixip qalmaysiz
3c41ff432d484199b175ef7e232fdb5e,mAn hazir boytaq
4ab4b9a0ceb9476d8100f27ac729e461,silAr vikkiNlar hecqandaq valaqilaxmidiNlarmu
4ab9146bb35d40e0890d293f1921d3e7,vu boksyorluqtin bizar
cd7798fccab64f6b95e9bf712e75e059,vu heckimniN gepini vaNlimaydu vuniNGa nAsihAt qilGiniN waqit visrapciliqi
c0dc47e78ca345e99aabb201c8fc23af,bundaq GAliytA voHxaxliq men rastila cOcUtti
9f1dca791f274d25bd5ce95ed40663d1,xaHar kOydUrUxcu zAhArdAk vacciq loyla qorayni kOydUrUp kUl qilip kUlni qaynitip yilimdAk bir nArsigA vayllAnduruxcu teHi
077bf067855a4be6b26f9b51924d8088,yunic qiziniN bAHti vUcUn hAmmigA tAyyar hAtta biriniN vayGiGa yeqilixqamu tAyyar
a46b564a58aa4e2a96a925e28458d0fc,vu diplomatiyAdA gArcA waNxi jiyAdAk bilimlik vAqilliq bolmisimu soNziwindin qelixmaydu
200729a43981480cb3432cc3dd776fcb,vular kAtkAndin keyin merul mArgAnlAr GAnimAt venidiGan qurallarni vatlarGa vartip mullaq bilAn heytAmni hajiniN qexiGa baxlap kAldi
696faed935d1476b9c59b6c5da654eb6,hazirdin baxlap bu vixqa kox qilixsila qancA kOp bolsa xuncA yaHxi
99dc9bf5efd7413b839f6d1ecf5f664e,vAN jAlibkar xAhArlArgA vawaz bArgAndA vawstraliyiniN sidni xAhri tOtUncA vornida turGan
e1e9dead0bd34773ac8d236380c41bb0,germaniyA berlin san jozef vuqturHanisiniN yeNi bir Hil dawalax soli yAni valahidA yasalGan semont vokulni suNakki kirgUzUp suNAkk xaraNlixix kesilini dawalGan
9dfc2b0915e74e78aca2e5f5507e798c,raji vabdurxit xinjiN qanunciliq gejitidiki tahir rAhman bilAn yaHxi dostlardin vidi
1ccbc1b400e246fc89cfb601d567eead,quxlarniN semiwolluq mAnisi vOz rANgini vONUtmigAn vasasda HAlq folehlurida xundaqla HAlqniN yoxurun vaN qatlamlirida vOz vipadisini tepip kAldi
4b24d94690924541962d28ebe358d39f,balilar buniNdin kUnboyi qayGurup yiGlaxqan vikAn kAx kirgAndA momay yiGlimaNlar baliliri bobux qaytip kelidu degAn vikAn balilar xu vaman yiGlaxtin toHtap qaptu
ad411438635042659eab98000ddf173f,barliq tAsAwwup wAkillirigA voHxax yAxsAwwimu bu dunyani bir kOhnA rabAtqa voHxitidu
31fa4d2dde144787a43f8ee7d869ca07,mewilik dArAHlArdiki yelim veqix bir Hil fizivologiyilik kesAl bolup vasasliqi jigdA vOrUk xaptol toGac qar vOrUk vAynula valgirat glas qatarliq qattiq vUckilik mewilik dArAHlArniN hAmmisidA pAyda bolidu
ffe88f855fb64bdb8b9a46b0ab562502,vu leningrad qorxawda qalGan kUnlArdA vArkin bilAn HizmAt tUpAyli tonuxup qalGanvidi vArkin tamamAn vixinAtti
51fbe7c981ab475dacf6dc8366e9b137,gUzAl sAnvAt dArisini vOginUxtA vuzaq mAzgilidin buyan vortaq tonux xAkillAnmigAckA pAnniN vorni hAddidin ziyadA vartuq tAkidlinip gUzAl sAnvAt kAspiy bilimlirigA wA viqtidarliriGa hAddidin ziyadA vAhmiyAt berilgAn
1a87dfa009ca4ff1a52f8790b4fef3cf,voninci mAhAllidin mirawut seit namidiki valtAk kixilik nopus dAptiri yoqaldi
e569a56f3b154ceaa90e9d7a67a95849,kemiki sehrgArlArniN qexiGa berixni taxlisa vallah vuni sAwir wA tAwhitniN qAlbidA yArlixixi bilAn rizqilanduridu
d92e9aa4832f45ab891a50697a90d88c,bu hAdin valbArt fon lAkkok nikolay kasarin makarnAy gunnar valfArt yariN rahib votaniy qatarliqlarniN vuyGurlar hAqidiki Hatirliri vidi
f8f2466966f2423690661b724b44fde5,vuniN tArkibidiki vamidliq vazod puraqtiki mikrovorganizmlan vajritip ciqarGan vazanniN funksiyisi vastida vammoniy karbonat yaki vammoniy hidrokarbonatqa vaylanGandila kOktat yilcisi sUmUrAlAydu
936e8c1b34e148c49fd55fd18a7bc61b,wAli vAhdkA luy buniN qizini kicik Hanix qilip berix vUcUn vuni vAkilixkA vAlcA vAwAtmAk bolup turGinida luy buniN HAnini xuycanGa vAwAtip bArgAnliki sawsaNniN vuni vOltUrUwAtkAnliki hAqidA vucur kAlix
7f0a0283715c4f20829c4f4b103865f4,bir miN toqquz yiz toqsAnt toqquzinci yili rosiyAt yUz bArgAn yAhudiy qAtlivamidin keyin mAydan ciqqan zorawan yAhudiy hArkiti bu mAzgilidA germani heyiklir pAyGAmbArlArniN sOzlUklirigA kOrA yAhudiylarniN pAlAstinA qaytixi namliq kitabini yazGan
c49d273df4b64733af64571331a34f56,padixah sipagAr sanGun Heytoni vAwAtip voluslarGa tuyuq sizlAr berip paytaHt baGdat xAhArdin baxqa nAjaf qatarliq xAhArlArni vixHal qildi wA vuzun vOtmAylAr GArp tArAptiki gulahporni boysundurdi
c3ce533ef2434cc5bcea9ee1e0693251,donor kawpi bArgA kawap wA samsu gOx gerdiiniN lAzzitini qAxqAridA hAqiqi tetiGili bolidu
c4702355c2744da3be8b98df0453d680,bu valtun dAwr von bAxinci vAsArniN votturunliriGa barGanda hazir biz vatawatqan belgiyA lUksemburg wA gonlandiyA nederland dOlitiniN katolik diniy mAshipidiki vispanlarniN vixhaliyitigA qarx kOrAx qilix dawamida zawanliqqa yUz tutqan
527d1c272f84443b88629d351bcfd915,sol tArAptA vikki bala nahaytA yoGan bir dumbaqni kOtUrgAn vuzun tonki pozor yasanGan salapAtlik bir vadAm vusulciGa maslaxturup dumbaq cAliwatqan vidi
a4b430f98c334163aa89a6873c60467b,tiragijA negizidA vuniN yazGini xehirdin kOp valqip kAtkAn yAnA bir vimagidur
14cca7e44bea46a2b24433700ef21680,yaxanGan dArbiyimu rostsilidAk kesAlcAn vadAm vidi
5b178e2c4fd14c11b0e05dd356f65d97,vamerika dOlAt katipi vottuzinci noyabir yerusalimGa berip visravilyA zoNlisi volmert bilAn kOrUxti
b20916edfb944a21a4bf2837dac781a9,yaponiyA birlikkA kAltUrUlgAndin keyin wernon cawxAn wA juNguGa tajawuz qilix voruxini qozGaxqa paal tAyyarliq qildi
36b986dd860b4c9abb4e914af5a9bfdb,sAhaf burunqidAkla hArbiy forma wA maxrAN xApkA keyiwalGan vidi
fe56b70ace754ad0b9a2c02a5919cdd4,silAr yUgirUp ketiwatqan toxqannimu qolqidin tutuwalsilAr dAp gAp bArmidi ziwyaga
d7a595fa22ef4a33a93567dbe82b699e,germaniyniN GArbidiki reHbrug lokumGa jaylaxqan bayndwolter lavilAx xirkiti mAHsus haywanlarniN modilni bolupmu qAdimki haywanlarniN modilini yasaydiGan xirkAt
03ccfd26bc034759b0ab70a91f2ed507,boGzumGa vacciq nArsA qaplixip vicimdin yiGa qapsidi
d87a86cf6b0744deafd5458133055a3d,balilar veGiz boxliqi bOlUmidA davim bir yax vAtrapidiki balilarniN soska yiGinidi kesAllikigA giriptar bolGanliqini kOrUmiz
6332ffcf18f34fd693f84083a7ef4cd7,vuqup qoyGunki bu diktatura vorgini sAndAk qusburuxlarniN jajusini beridiGan yAr qeni gApqilA suburni bolmisa poq yaydiGan kalwa gayit cUjini vOltUrUxkA vorunGinuN wA nemA vUcUn vOltUrmAkci bolGanliqiNni qaldurmay sOzlAr
6f3d668943be45ef83cd8af041ebb350,luqman yekim toqsan yexida yigirmA yaxliq bimariGa vaxiq bolup vOziniN yexidin yigirmA yaxni qizGa tAqdim qilGan
e9420269d0f047a9908f8e00d8fb5f70,ziyawdun vorma naHxisi veytmaqta rayhangUlniN yUriki ciGi qilip qaldi
28636561286a43c6b41700d0bf06213d,vu seni vuzuq qilmaqci votluquNni yoqatmaqci sAn buni bilmAysAn bicarA Hojunyas haji bOri bilAn veyiqniN valdimiGa cUxti
7a29cea5e2b84eec8f1ddedf40baeec3,vilgiriki qural tAkxirixlArniN hAmmisi mAGlubiyAt bilAn vaHirlaxti
421637c732a34be299b53fe47e6f1ecf,bu vawwal yAmcUk taxlax vandin yulxrun zArbA berixtur
b85d8ab3fa79491e9c9f6db198c43fc5,mUxUkniN kAlginni kOrgAn caxqan huduqup qaxti
280dd222c90c436697fccba75ec3cd7b,bir miN toqquz yUz toqsan valtinci yili vOzbekistan valimi boris pulGa voyulGan sOzlArdin paydilinip qaraHaniyla Handanliqi Haqan jAmiAtniN qarluq qAbilisiniN bir tarmiqi vikAnliki toGrisidiki pArAzni votturGa qoydi
cfa6f012117546908f27903035d7488a,vagniyniN yeziqi birAhman yeziqidin kAlgAn vAmma hArpliridA sAlpAl vOzgUrUx bar
cfeeaba44d8e4eb3ba4a4b491e136e35,yAr xari qiypac halda vOz voquda vaylanGac quyax vAtrapini vaylinidu
1e0d9bfd6588451bb8d39012d9097159,birawlar marixar vAnjan temidin birawlar dArt vAlmidin tUf dedi
99155e123d484142b1a350214be475b7,vamerikiniN xArqi vasiyA wA tenic vokeyan vixliriGa mAsvul sabiq dOwlAt vixliri yardAmcisi jamis gegli yeqinda mundaq dedi
be790a609e144c5795cb7aa898f0208a,bu mArkAzniN muvAwwim mudiri yuri dinsow mawzulini muwapiq vasriGanda wA waqtida remnut qilip turGanda lenenniN jAstini yUz yil hAtta vuzaq saqliGila bolidu bundaq bolGanda kixilAr rosiyA wA dunyaGa zor tAsir kOrsAtkAn dahini vuzaqqacAyad vetip turalaydu dedi
f0f7a049e1e34920ae2af98b7f90e52d,vikkinci dunya voruxu qAdAr bolGan variliqta vafriqidiki libriyA vefivopiyA misirdin baxqa vorunlarniN hAmmisi jangirlarniN mustAmlikisi bolup qaldiGan
25f91b5976244599971e58dbe35ac488,vikki pirsAntlik metil wivolen sulfag letserin HuangAyo bAx pirsAntlik terrametsin mAlhimi yaki pensilin fratesellin mAlhimiy qatarliqlarni vikki kUndA bir qetim sUrkAx kerAk
ab4842100c1c40d180176578660e6e22,vamerika qoxmax xtatlar vagentliqi bilAn zogbi tAkxUrUx vaparati birliktA vilan qilGan tAkxUrUx dokilatida kOrsitilixcA vamerikiliqlar barGAnsiri juNgoni dost vAmAs vAksicA dUxmAn wA raqabAtcimiz dAp qarawetiptu
1be20b94c5634a3c9ea163a92d0acdd7,vibni nAdimmu xihArlArniN vAlfehrist namliq kitabida vular bilAn bir yArdin ciqidu
cd9e26ae5d5f46db812bdf2cac2e111f,vAdip vOz hayatida cahar diwani fArhad xerin sAddi viskAndAr lisanutAyir luGAtAyin mAhpubil qolup wAfifA halAAti pAhliwan muhAmmAd qatarliq vAsArlArni yazGan
a1ae47de0d074e52917f585f6730b8e3,kaliforniyA vuniwersiteti qarmiqidiki dApos mAktibidA velip berilGan bir qatar tAkxUrUxlArdin vispadlinixcA vayallarniN tinidA yigirmA bAx pirsAnt may maddisi vArlArniN tinidA von bAx pirsAnt may maddisi bolidikAn
6f311513a9974aba8a9b805065f65e2e,fransiyniN birinci dunya vuruxiGa qatnaxqan vAN vaHirqi vAskiri laJarpiN bir yUz von yexida wapat boldi
297d7b8228bd4e3981d176ab4b0f3355,meniN staJim qandaq hesablinixi kerAk
03922f37e17c4f9983caf06496ffc8f7,yeqin berip qarisaq vaptomobildiki maylixip beqisip kAtkAn tOttuNniN biri vaxqan tamaq qorumlar bilAn toxup boluptu
beba92f4edcc469ea3d4465e0dec454e,xuniN bilAn vularniN sOzliridA yalGuzluq fAna vittihad birlixix holul sukr huxsizlinix sAhUsAgAklik kAxf varif vAhwal maqAmlar degAngA voHxax vatalGular mAydanGa kAldi
60223d3abb0c4ac5af6897f4451bdbcc,dereJor qaytidin sAhnigA ciqip vorkistanniN yUnmicliniN cerisniN teNiy namliq muzikini celixiGa dereJorla qildi cUnki dAl muxu muzikil sAwAbidin kelinton qiziGa cersi dAp visim qoyGanvidi vu hazir vatavanisiniN yenida volturatti
ec66d7e92cf74b29bf458ec518dd59e3,til rexcisi xAkil jAhAttA vottar hAjimlik nusqiGa vOzgArtirilidiGan bolGanliqqi vUcUn meniNmu kona mawzuni vixlAtkUm kAlmAy valahida GAyritim kelip yeNi qizilgUlni yazGum kAldi
4b2c35a9d2ca4c69b4d9a132bc765071,qoruqniN valdiGa vUrUk vUjmA valma vamut xaptul vanar gilas yaNaq badamlardin kANli baG qilinGan baGqa yapsarlap yAr vecilGan bolup yArgA buGday qunaq qoGun tawuz camGur sAwzA kAndir saraNza qatarliqlar tirilatti
61d0adf4893542dbb90e8ba235f2aacd,mundaq bolGanda bayliq mAnbAsini gevologidro xaravitliri mAsvulat setilidiGan baziri wA viqtidari HamvAxya yeqilGu hArikAtlAndUrgUtkUc teransport wA baxqa hArHil hAmkarilixip vixlAydiGan xArt xaravitlarniN kapalAtlik qilix dArjisi vixci HizmAtcilArniN turmux muvAssAliri wA muhit vasrax vAhwali qatarliqlarni veniqlaxqa toGra kelidu
cb4b5d37dd024413b19793e7433dbc90,bundaq coxqa mijAz HumsilarniN diyarimizda bax kOtUrUp ciqixidin vallah saqlisun
834d309232714104b58892a69830903f,desreliniN bu vikki qarxi Huddi vikki vOtkUr tiGdAk vuniN boGuziGa terAlgAckA uniN Hartinigda dArAH kesix wA maqalyezixtin rahiy yanGan vidi
17d0f4b8d7574dd9b645c4f0872c3db3,biraq sAburiniN vOmri bAhrol vAnsabni vaHirlaxturuxqa yar bArmigAnliktin xagirti qazi muhAmmAd sayim sofailar yarGa vuni dawamlaxturuxni tapxurGan hAmdA yusUpHashajipniN wapat bolGan yilnamisini qAbrigah vornni xu vAsArgA kirgUzUp qoyuxni wAsiyAt qilGan
ccb34d8e568d4f1eb6dbf378b6702113,Hanqizlar bOjigAn topini vatidiGan caGda vasmandiki GaziniN xorpisiGa nancilap yeyix tamasida yUrgAn yigitlAr boyunlirini sozup veGizlirini vecip vaGzini cakilidatqan halda xalini vaqturidu
c4b92511a1494aacba72d9ac078a8d44,voral cUcUk boyiniN vasasliq Hemiylik tArkibliri terterpet tUrdUkilAr wA silafon tUrdUkilAr baxqa tArkiblArdin yAnA biologiyilik vixqar poli saHarit komarin haminokeslta kOp tUrlUk mikro miqdardiki velmintlardur
a674ef4f0ea94b6b8da688ce03931d6f,birmu yArgA reldin vikki pirsAntni vAllik vUlUx suda tANxAp pUrksi bolidu yaki bawyAn caNlisu xaN qatarliqlarni vixlitip hUjAyrilArni janlandurup buGday mayisisiniN vOsixini vilgirsUrUp dora zenini yeniklitip mAhsulatqa kapalAtliq qilsa bolidu
e6814759850b46dfa5a12e4fa3e72ac9,vUsti vocuq muziy tirik tariH bolux sUpiti bilAn tariHimizni mAdAniyitimizni qAdimqi deqqanciliq suciliq vigilikimizni HAlqimizniN pisHik musapisini HarAkterni tAtqiq qilixta yax vAwladlirGa vAnvAnA tArbiyisi velip berixta vAjdadlirimizniN vAqil parasAtlik vAmgAkcan batur HarAkterini vOginUxtA muhim rol voynaydu
d81b837a2a714d62b6414f9712003c5b,memoral kartisi hesabidiki pul vAmAliy tutup qilinidiGan hesabat bolup memoral rascut qilix nAhbul qoyux velix wA vistemal qilix viqtidarGa vigA
da49c4642c544d32898932f20231344a,vAqilliq muzat dArhal dadisiniN kitabHanisiGa yUgUrUp kirip yaNaq yaGicida yasalGan kitab jahisidin nApsi vixlAngAn bir kitabni soGurup valdi pivanino vorunduqiniN vUstigA qoyup vaHirida yAnA bir nAccini velip dAstilAp qoyup pivaninoGa tayinip vasta pianino vorunduqiGa yamixip ciqti
6b5f5795f1bf485389fe97db49094283,xuNa kixilAr nyutonGa voHxaxlarGa tAxna bolupluq qalmay xekspirGa voHxax xahirlarGimu bu yilGa voHxaxlarGila vAmAs rapayilGa voHxax rAssamlarGimu kanetqila vAmAs betHowinGa voHxax muzikatlarGimu darwinGila vAmAs karleliGa voHxax vAdAblArgimu tAxna
798e632f00f1443f9adfe474b7e565c2,vabdul qadir marakAx sultaniniN qexiGa berip pandahlinidu xuNa tOt miN tOw yUz sAksAn birincivili fransozlar kinAs jovinwiliniN baxciliqida marakAxkA qarxi vatlinidu
054d29c4747240d6aa5a0dde89a3c43a,vAlanGa vixAnmAN vAmAliyAttin kOrUN
d629dbca7f3a4fadb369113ea3abed8a,bolik komandiri qiyimbAk qizil pagon taqiGan vikki vadAm bilAn sOzlAxmAktA vidi
21f36ba959b74bc3afe552b8fd1cef98,kicik qizi vAnli mAlikA sUrgUn qilinGanda sApAr vUstidA tuGlGacqa juNzuNGa valdi bilAn boqca vucriGacqa vuniNGa boHca degAn mAnidA gover dAp visim qoyGan
23411a87107143fab4fe1ba95d392de4,caxqan mayqi sAbri qatarliq dorilar nAm wA visiqtin vOzra caplixip kallAklixiwalidu
9071b9eb2682413e8d8a0d0f4242dc91,bu dora pAy tartixip qilix palAc lAqwa wA hAyiz kAlmAslik kesAlliklirini dawalaydu
d5ce4dfb8baa49fbb7c8e5e41fe8e742,vu vikranni sUrUp vikki metrdAk yiraqlatqan bolsimu lekin yAnila flvorsent yoruqluqi caqnaydu
de8ef7ddb7e248ab9aacf2836cd7f959,lopluqlar coNqur yArni gUn dAp vatiGacqa biliq tutidiGan tornimu gOlmA dAydu vular dAryaniN coNqurliqiGa qarap dAryani gUnci gOnci kOnci dAryasi dAp vatiGan deyilgAn
d11ce2be08024df0932775cf38a2a817,xAntoNniN vottuz birinci yili vudunHani jaNyicawniN jiyAngA yazGan bir mAktapida vOziniN Hanliq namini vuluq vudun dOlti pAGpuri dAp vatiGan
78a14d19c2fc4ae1b05e73eb2f72849f,tabaw Hanun pArmanini tUzitUxkA qatnaxqucilar vicidA taN sulalisiGa voquxqa vAwAtilgAn yiji bodi tobuxiNnAnlar bulupla qalmay bAlki coN qorunluqtin yOtkilip barGanlarniN vAwladliridin dAndajo qatarliq kixilArmu bar vidi
1e20df5412a7459aba895b336912e372,vulardin baxqa yAnA vazdorin qatarliqlar vixlitilisimu bolidu
fe7e991e5ad14a59b3224f2fd7d581ff,vu bankiGa qimmiti bir yUz vatmix milliyon dollarliq ziHcA valton vamanat qoyGan boluxi mUmkUn vikAn
229e325232c44451bbcd8995d33344f6,vUjmu tayiqi bilAn vatni kUcUmniN baricA birnAccA qetim vuridum
436929e3c1074e7080e5db64c195eddd,hupuq siziqini boylap yayilGan kAcki xApAq goya vuniNGa kOz qisip vArkilAwatqandAk tuyulatti
d7a891bc32384de7a8178ea676abb64a,xarni pUlAp vasta vasta coN vAytix kerAk bala buni kOrUp bAk Hoxal bolup ketidu
d729eda367984729a735e77d84c5f82e,daNliq pedagog doktorliri balilarniN vAqil parasiti qol barmiqi vUstidA dAp qaraydikAn
de7654993a6c4343adb8c660545f32fc,vaHxam lozuN xANgAn yamulGa ciqqanidi
d49e89658bcc4bf78b6bde214564c3e4,vu seni vuzuq qilmaqci votluquNni yoqatmaqci sAn buni bilmAysAn bicar Gojiniyazaji bOrA bilAn veyiqniN valdimiGa cUxti
cc132603108c4ffdac9d43f1b01a8873,vu degAn savut vittipaqiniN konsilHanisi coNdida GeccidA vAskAr maxina vu vAskAr qoyidiGan vorun voHxaydu
9337750eb89f4465b949d619258cdc47,kOzliri bUrtUp ciqqan buritA kOtmAk tArlAp maylixipla turidiGan bu qeri kOzlirini yomup volturatti
66f844c06dad4e48bfb19f41dc7558c9,bAHtlik nika vuzaq vOmUr kOrUxtiki halqiliq vamillarniN biri
1bb8faa5d2fd47e7a103bba26f184ef8,daniylik valim haxlun vuyGur carwucilarniN bAdAn tUzilUxni vOlcigAn
91f82e8612a04442818e3bfa8bafe238,yAsAwiyA sofizmi caGtay keyinki sofizm vAdAbiyatniN vistitlik videyalizmniN vikki Hil tema wA bAdi vAn vAnisini barliq kAltUrgAn
3cb65e75c1bf4d088906096baf290c42,Hujiniya zaji jAnuba xinjaN vamanliq saqlax garnizoniniN qomandanliqi tAynlinip majuNyiN bilAn vurux qildi
5feba3bbe0d741a0bf16d27c21801aa6,bu daNliq tariHciniN vAsrdA tAswirlikini vosman vimperiyisi tariHidiki mAxhur moHaj vuruxiniN GAlbisi
df09252760a8478286fb5e0c113f3d8f,diriJor qavitidin sAhnigA ciqip vorkesterniN yUnmiy ciliniN cirisiniN teNi namliq muzikini celixiGa diriJorliq qildi cUnki dAl muxu muzika sAwAbidin kelintun qiziGa cirisi dAp visim qoyGandi vu hazir vatavanisiniN yenida volturatti
1e68e98a901c4aafb51cecf44a65a74e,vilimizniN tariH kitablirida vuyGur degAn nam Hilmi Hil qollinilidi valayluq HAn solalisitin beri vuyGur degAn nam HAnzu telida wuji wuHu yANHi weyHi HuayHi HuyHu weywver degAndAk namlar bilAn vatilip kAldi
ea2f1e83982144658c43c3cc5f79a6a9,xAk cUxOpisizki bu veniq hAqiqAttur vuluq pArwArdigariNni muxriklarniN vetirazliridin pak vetqat qilGin
921e25a57e8f49f88c5a017e66a65ddc,wakalitAn setix dukanliri wakalitAn satqan buyumlar wA gOrUlHanilar satqan qayturulmaydiGan buyumlarda baJ tapxurGuci vaddiy hesablax vusuli boyici valti pirsAntlik baJ velix nisbitidA qoxulmaq qimmAt beji tapxuridu
56ee896a73dd429381776a9f87d9f34e,mAn konifqa vikki tanka gropwoy varmiyisini berlinGa jAnub tArAptin hujum qilduruxni buyrimaqci boluwatimAn
b184fd3639eb4d5daf8e4ea7f67618fc,yUAm sulalisi dAwridA vuyGur hArbi tewip yujilanci qayascAnniN Hejudiki diyawyuyxAn teGida buyruqqa binavAn turpan dorullirini yasap qoxundiki kesAllArni dawalGan
9f8e6cae41314ab2affcb4fcffa80d6f,mundaq bolGanda bayliq mAnmAsini gevolog gidro xaravitliri mAhsulat setilidiGan bazliri wA viqtidari Ham vAxya yeqilGu hArikAtlAndUrgAc kUc transport wA baxqa hArHil hAmkarlixip vixlAydiGan xAr xaravitlarniN kapalitlik qilix dArvijisi vici HizmAtcilArniN tormux muvAssAsAliri wA muhit vasrax vAhwali qatarliqlarni veniqlaxqa toGra kelidu
47da353e736d4e46b1fe6b2cd5be1f17,desreliniN bu vikki qarixi Huddi vikki vOtkUr tiGdAk vuniN boGuziGa terAlgAckA vuniN Hartengida dArAH kesix wA maqalA yizixtin rayi yanGan vidi
7a22b43911954e1eb8ffe1457e39b9ba,tez vaGdurulsa topiyolAx yaHxi vixlAnmisA yoGnax mAzgilidA yuqur temperatura tAsiridA sAwzA karaton maddisi qatarliqlarniN toplinixi tosqilliq vucrap rANgi GAyri bolup qalidu
40aba1115ec84fd480bb72c2520c9169,qitanlar tinjitix waqtida wuztiyAn yaw yunzuNniN talantini bayqap vuni sumruG sariyiniN yandax bAglikigA vOstUrgAn keyin dOrinjiyniN bax wAzir qilixqa bolidu degAn tAxAbbus boyicA vayal padixa vuni Halliq muhAkkiligA tAN vAmAlgA vOstUrgAn
59d5b44db09846fc93daf71a40a87e4d,vUstA vocuq musi terik tariH bolux sUpti bilAn tariHimizni mAdAniyitimizni qedimkA dehqanciliq suciliq vigilikimizni HAlqimizniN pisHik musapisini HarAktirini tAtqiq qilixta yax vAwladlarGa vAnvAnA tArbiyisi velip berixta vAjdadlirimizniN vAqil parasAtlik vAmgAvAkcan batur HarAktirini vUginixtA muhim rol voynaydu
7b29ab76bae6472bb3cfdb9f4433ee78,budda butHanlirGa vasasAn fuci xAnUAn lyAnfiN butHanisi potwAn jolinUAn butHanisi duNsAn butHanisi guNdilini vibadAtHanisi bar vikAn
7533aa03ae594db493974bf611eebdb7,niJni nowgortqa kAlgAndA flot qirqiqida toHtap tAyyarliGan vAxyalarni qacilap dubwek dAp vatilidiGan kiyiminiN hAmraliqida dawamliq valGa qarap maNGan
f44639c16d9d424ab9e3eb31e7ce54ff,bu ikayat namA bUgUn sAhArdA tAptix vAmAldarniN vixHaniisiGa sonuldi
d1339f5511bc49589e36561733ece1c1,mAhAllidA turGan tArAt qacciliri wA GaltAk tAwANlArniN vUstidA ciwinlarniN GuJlitap vucup yUrgAnlikini kOrUxsiz
894ae92f21b745c3a2a771023b2faf8a,vAksicA qilip veytqanda juNguniN fivodalliq tUzUmidA vucciGa ciqqan vArlA hOkUmranliqi pAsApA tUzUmidiki bir qAmiyAttA bir vayalniN padixahliq vorniGa ciqip bundaq zor qiyinciliqlarni yeNip nurGun vAgr toqayliqlarni bexidin vOtkUzUxi vUcUn qancilik jasarAtniN ketidiGanliqini kOrUwilixqa bolatti
ebd766762bf14ac0b04a22c12cca3cd5,bazGanci gUlzirA bAx yil muqAddAm qorGas nahyA lANgAr yeza yeNihawad kAntidiki tilwalda roziGa yatliq bolup kAlgAn vidi
7122c2eea6a54e80bb674771eb134931,bir miN sAkkUz yUz vAll vikinci yildin bir miN sAkkUz yUz vatmix bAxinci yilGicA vilgiri vaHiri bolup coGlanmu lampa qatarliqlar yasaldi
4e3bce1a71ae4fe7b19e6542df8712d8,vacciqlanGanda coNmiNA bAdAngA Holislirimdin vOzgArgAn postlaq vstrol vajritixqa buyruq qilidu
58e1276539ae4efbb22e46e457b0ed57,baqqa su vacidiGan sUNgUcUkimu mAHsus qapqaq bekitilip vit mUxUkmu kirAlmAs qiliwetilgAn vidi
8fb469ab5fac4debb82eb6139c7393f8,mAn teHi vuniN yUz cirayni tuluq kOrmigAn bolsammu goya vozun yilla kOrUxmigAn bir jan jigAr qerindiximniN valdiGa kAlgAndAk baxqilar tArlAp pixip varan vittirip ketiwatqan maxinini tormuzlap vuniN bilAn kOrUxtUm
9be26e3e463541bbad094890a2d9fdef,dabaw qanun pArmanini tUzUxkA qatnaxqanlar vicidA taN sulalisiGa voquxqa vAwAtilgAn yejubodi tebuxNnAnlar bolupla qalmay bAlki coN quruqluqtin yOtkilip barGanlarniN vAwladliridin duAndajaw qatarliq kixilArmu bar vidi
bea6c96fc60d4d0c907052ee44fdf971,GArptiki nAwrisi turulbAkkA mAdadkar bolux vUcUn buHaraGa barGan bu caGda buHaraniN Gix kAntidA vabduHaliq mAdrisini tAsil qilGan kixilAr vuni yUsUp hAmAdani deyixkAn
2276421ad09c488cacdf59f7cc5b60bf,vilGa kOmUrqizix teHnologiyisi kOrgUzUx varqiliq cegxor kOmUlcilUk xirkiti bayliqni vetix nisbitini vottuz pirsAnttin sAksAn pirsAntkA yAtkUzdi
54852fd554fd46d88e2eebd554b4d494,Geni vatniN colwirini GanjiGusiGa baGliwalGan cal bilAn valdirmay maNdi
5246660dd20c406d859b78e530ea7d10,vular gahtiHanigA sAyligA maNGanda maxini yAwm yolida buzulup qaldi
3c7aa52e73c94fe485f28e73255c3c0f,vuniN mAlikisi qattiq rAnjidi bayiqi Humarlaxqan kOzliri bir dilla hoqux kOzigA vOzgArgAndAk boldidA HiN dApla vOydin Gayip boldi
2a9f7da6e56e470bbb3d912c2087c57e,vuniN xarapitidin neni vixlar bolup moskiweski bobruk koNka velektrlar pAyda boldi
48ff261a48764360bceef92078a2ba1d,kOzliri bOrtUp ciqqan burti kOtmAk tArlAp mvaylixiplar turidiGan bu qeri kOzlirini yomup volturatti
447d04a0ed2b4f08930a24350702aaca,nuri cuqcilap soraxqa petinalmidi vu pogacuyofni kONUldA Geni voGriGa voHxatti
cd160a71599347afb29f68eadc1a01fd,stalin vuniN vorniGa yukuf degAn generalni qoydi wA von tOt millAtkA respublika qurup bArdi
dd5422e321454754a6cc5ecff4b11e4f,va fuxyAnjaN bu gAp munu vOc kixigA Gojam HAlpitim vApAndimgA qartilGan dedi
28084000373741c2a7eb3a3f564f760f,bu qoxunniN tArkibidiki vaq voruxlarGa birinci jahan vuruxiGa qatnaxqan general pabnkot qomandanliq qilatti
53e1d2969fd242548135f6b4872d751c,qattiq cOcUgAn vArkinjan dAqiqi valdida mUgdAp qalGanliqini bildi
bbf731e3bfd74659aaea552b2199d248,yawis wirusi vAydiz kesiliniN vAjdadi boluxi mumkin
2f568c7061e54dceaac2df454accad66,xundaq kUnlArniN biridA yAni vAlyatar caGda heliqi dOt vayal yAnA cirkaw dArwasiniN valdida pAyda boldi
75094d82c26f4776a943d36d3e8c3c47,yuGur tilida keGdA qawun qalmaq cAntu tOmUrci qatarliq vibarilAr bar
5696ba8ccb604ac19b9d121d68a435db,mAnsaptar vadAmniN hajisilarGa saHawAt qilGanliqini cUxidA kOrsA hoquq davirisi keNiydiGanliriniN pexariti dAp qarilidu
283a35a834e14afbb16a703ac80faff0,piyoNyaN xAhArdA cawxAn boyicA vAN hAxAmAtlik bolGan qirG sAkkiz qiwAtlik yaNa vakto mehman sariyiGa cUxtuq
275561c4c88b440ebfec79b31d18e782,vular vawwal valti kixilik kicik vayripbilanGa volturup paytaHt wenHoktin vayrildi
ee56d981c7974f2fb6d8d24ff6a842ce,vikki miNrinci yili bAxinci vayliq pAnc Jurnaldat jon hopkinss vuniwersitetidiki vastronomiy valimliriniN tAtqiqati velam qilindi
ea8607ebff4b48509a49513be8dc2201,vamerikiliq vaqbaratxunasliridin defre wA dinnis vOlcAm tAlimati wA vamil tAlimatini taxlap vularniN pakitniN wAzligA yiGincaqildi
f8fb8ff154e243d5a60bb188982f1ced,dunyadiki vAN coN simon vixlAp ciqir xirkiti fransiyA rafa xirkiti jux vurup rawajliniwatqan votturxariq binagarliq saadisidiki vornn kUcAytix vUcUn yeqinda misrdiki bir xirkAtni vo ixki milyard toqquz yUz milyon dollarGa setiwalidiGanliqini jAkarlidi
f8cf5b5cbb58467c9096a9f1a08d1fc6,farabi nasir vibin vAHmAt zamanida vottura vasiyAGa bir qetim kelip siyasiy wAziyAt tUpAyli bu yArdA qalalmay sultan sAyput huzuriGa sApAr qildi
fa4c72da403741a29f6a46f1feee3181,von nAccA sayahAtci sayahAt yetAkcisi vAyrisniN baxciliqida saynt Jerimayin pet rayonidiki piyadA sayahitini baxlidi
be0efd8d044c447fa9fb7c2f01c5f08e,bu qetimqi topilaN gadloxiyA varHosiyA qatarliq jaylarGucA keNAygAn
f8dcaa3e1d4646b48fc8d25a5491a23e,veytilixcA baliliq caGlirida tonuxqan sbastvan winter vimperiysiniN vicki vixla wAziri boluptu
90885f75ccc2436eaf6d49f014b665f6,qontAyjilAr qAdimdin tartip vadAmlArgA kegiz vOytikix vUcUn materiyal setiwalatti
de599a18963e416e9ff562c659680a51,bu jayda xUxigo jilGisi bAnfaNgo jilGisi xArqi bAyyaNgo jilGisi GArbA bAyyaNgo jilGisi gAngu jilGisi qatarliq nurGun c yilGa bar
e77e1c6244f541b59276ab628ff2c6af,girmaniyA varmisidin marxal keytil deNiz varmiy vadmirali ferdbork wA hwa varmiyA general polkowniki stopofmu vAngiliyA vofestrlirniN hemasi vastida frons bergidin vayripilan bilAn beriliNA kAldi
4cf95c2ddfe44dc8b9876458624ef2d8,kONlUm gUltArgUci bolup bu gUlsAn rAyhanzardin be hisab Huxpiraq gUnlArni yiGdi
b97f6f53604540c7ad8ee7f6eb7aa1f5,kUn bilAn qaplanGan qol yalzminiN vuzunliqi von sAkki santimetir kANliki von bir santimetir qelinliqi tOs santimeter bolup bax tArpigA Gerp sAnAm dastani vuniNdin keyin sultani jAmjAmA dastani vaHirGa mewlA wAsfi namliq xehir kOcUrUlgAn
eaab592d95ab45dfbf6d0f5696376413,bizniN jaGstayniN vitlirini demAysAn kAcqurunliqi dArwaz validiGa ciqip vinkeyni vikqi qolniN vUstigA qoyup mUgdAp volturup ketiduki vOtkAn kAckAn qawayidisA jimiy vadAm tunux vidi dAp maHtiniptu Halmiratmu nOwitidA
ff14803ffae74b15a4035d3fe3392656,yigirimi vUcUnci vawGust qirGizistanniN quruGluq deNiz hawa varmiyA qismiri kollektif HAwsizlik xArtnapi tAxkilat ramkisida qizGixistanda cigra vikki miN valti namliq kANkA vOlAmlik maniri vOtkUzUp votterasiyA rayonda kUnsirik quturawatqa vekstremwistitlarGa qandaq taqabulturuxni mAxq qildi
6bb4ab72a0e14b4aaa53c4e6c2c74faf,cawxAndin wyetnamGicA vafGanistandin viraqicA pUtUn dunyada qan kecip jAN qildim maNa robiro kAlgUdAk dUxminimu ciqmidi xuNa picaq sArkis boluxqa vAlwAttA biz munasip
919b319044fa42e6b90268f47f12f9c9,nAxpUt GaziN taxliGandin keyin nAxpUtlUktiki quruq xaG wA barliq kerAksiz nArsilArni pakiza tazilap nAxpUt pitiniN qixlax mAnbihAsini vazayitix kerAk
4b046cca68424321af6ce663c9f84fb9,xavir xelliyniN vipadilax vussuliGa kAlsAk qAdimki gerik dramiliri wA tragdiyliridiki vipadilax vussullirini xeksperniN tragdiyliridin sAmyul bektniN dramiliridin wA hAttaki Harol penterniN dramiliridin tepix mumkin
08ad69adf824421e82b1fe453c1c8e12,vOziliriki mollaqari tOt musulmanniN valdida cahar xArvi vOmUr birlA vAhAt qarimniN zulbiyA qizi roziHanni wakalitAn vixan damolla bidni qudnus mAwliyAgA vikki dunyaliq halal Hotunluqqa bArdilirimu
90d57274b94a478db9d7ee641e714314,valtA miN bAx yUz sAksAnt birinci yili varHeologlar girmayiniN dof xAhiri vAtrapiGa jaylaxqan nevan jilqisiniN werdeHif vONkUridiki bir viptidavi vadAmniN gOridin bir vadAmniN taxqa vaylanGan bax sONiki wA bir qancA viskilitini tapqan
2a1399730fe54f06a96bf5df94f1f88a,yayovi dAwridA yamato kanoci setso vAtrapliri seto vicki deNizliri varqiliq coN quruqluq mAdinitini kAnkiiniN xArqidiki bu rayolarGa kUrgUzidiGan qapqaq vidi
e029d451c81e40d09f3775410928bef7,Harwat vuniwersiteti bil geytiskA pAHri doktorluq vunwani bArdi
4f6caf4e3f5c4f44b0091f49a05046de,pasHa bayrimida vANgliylilik vottur mAktAp voqutqucisi vanni moliyer bilAn vaylivolor dinovorig billA pariJGa sayahAt qilGila bardi
bbb26485a5a04d03917f5e69b8604050,bu dora pAy tartixp qelix palAc lAqwa wA hez kAlmAslik kAsAlliklirini dawalaydu
e4fa5abcc3794a6bad1864bdac0ab7bc,vu dAldANlixip tUgUjUp yurup tArtigA varan tAst ciqatti
2fa0f5e5fd624da28949dfd1bddde9db,Heni jumAniN vix vezliri daGduGluq tAxwiq qilindi
76fc685106e04a8e84fab242e08fb422,wAlsi xaqsadA bolsa vernest vasalliqcA vacciqlanmaytti
42cfec0f3d5c4b26b3bad410a9cdd3eb,nurGunliGan vanlarniN Hizmiti balini vuzaq muddAt vemitixkA yar bArmAydu vaHirqi dAwridiki vana sUti bir yaxtin keyinki baliniN vehtiyajini qamdiyalmaydu
a57c67c74022479f85d55049b93bbffa,bAzi bir pixiqlap dawlax dawamida solfor divoksidliq vislax yaki vos keslatta tuzi veritmisi bilAn bir tArAp qilinsimu janliqlarniN janlinixini tezginligili bolidu
cf576652140141a1be372ef72ca376a1,yAnA tacixUy HAndaN xiHu boliN xawxyAn saNxyaN cenxuy qatarliq caN vAlliri bolup vularniN vOrUp vaditi qopal diNji caNliriniNkigA voHximaydu
5853d891c4a2415ab7529a2dad4a6790,liyAnniN vaxpAz wA zabHozlirini tAkxUrgAndA hAmmisi munAwAr bolup bahalandi
3706c512501043939c16cd75424f823a,vu teraHoma Hilamidiyisi wA vorivani parixlidiGuci mekoplazma qatarliq jarasimlarniN tAsiridin pAyda bolidu
618eeb19cafe4e0b9a75a75f24fbd2d3,pix qAdAm ziyali rAhbAr vAsvAt vesaquf vUc wilayAt vinqilabiy mAzgilidA xinjaNda HizmAt vixligAn
58b78bef2541483c94c67175ffad6f3d,xertiyocliq istandartta kAsmA kOrUnUx pUtUn kAsmA kOrUnUx yirim kAsmA kOrUnUx wA qismAn kAsmA kOrUnUx dAp vUctUrigA bilinidu
565892159b04499999da28d8615853d9,mavontibadtin bilAn nehru bir kOrUxUpla konat unuxlardAk bolup kAtkAn vidi
f358ed7ecacd4a568da4652f68801924,tutqaqliq kesili veplepesiyA dApmu vatlidu vu meNA fonksiyisiniN tuyuqsiz qisqa muddAt vicidA qalaymqan boluxtA pAylidin qozGilidiGan kesAllik bolup vintayin murAkkAp bolGan bir Hil vuniwersal kesAl
72b0946986844e9bbef012bf6acb0cde,yaponiyA vaptonomiyA tibbiypAn valiy mAktApidiki tegyofu doktorniN doklatidA kOrsitilixcA refanpintUrdiki dorlarni hamildarliq mAzgilidA vixlitixkA bolmaydikAn
02bb28764f604ed4bbd4d39b4e6ea9b7,walun rayonidiki valiy mAktAplAr leJ vuniwersiteti yeNi lewin vuniwersiteti flandir rayonidikilAr lewin vuniwersiteti Henit vuniwersiteti qatarliqlardur
ee1bb6a29d594f3991f1528b3f0538d6,ziyawdun vorman haHxisi veytmaqta rehangUlniN yUriki jiG qilip qaldi
c331c176fad947f1a0fc50afc3c7c950,wA vAlAykum hA nuri cop coNlar yigit bolup qapsaNGu
0e1f47c96ed943268a0265cb2752fa17,jaNsiniN vuyArdiki baylar dindarlarGa biz silArgA vixinimiz dAp vular bilAn vapaqcapah bolup yUrgUdAk Hiq lyubiNdiniN duklati buniN vAksicA
f8f9f613fc2e4b75b17d9b31152c9e92,tutiya bolup kAtti bexiNlarni kOzUmgA sUrtAy viziNlarGa bax qoyup sAjlA qilay
dafa5b10b69d48fcb6442e8f7e4ff34f,tamamAn dAs kAtkAn hali qalmiGan bir vOlkini bizgA tapxurup bArdi
c61eea4a305446a59180ec102fdc059e,yigitlAr cAmbArcAs baGlanGan roziy mollini dUxkArlAp vuniN valdiGa velip kelixti
4d0985bf0dd34f17b950f5fbf1ebb732,bu cAtvAlliklArniN ketixi tAlAp qilinGan mOhlAt boluxi mumkin
efaa2bef9a9642989a382229b85861cd,buruNqi jAbr japalarni vAsliginidA vacamniN kONli qattiq buzulidu
309abec92fd94d7d870ba748c6bee3fd,HAwArlixix kabillirini voGrlax zor viqtisadiy ziyan velip kAldi
8dd7a8f08a7e487ebee1b3c34c9d8c25,vu gUrUxtiki vuxxaq taxlarni kONUl qoyup terip ciqti
247d74240ba5460a8f8d38838febf084,vuniN bilAk mUskUlliri Huddi sportcilarniN boljun gOcliridAk kOpjUp turatti
9069cd5fc4b747dba1b47910a6ddc7dc,xundaq kUnlArniN biridA yAnA vAl yatar caGda heliqi dOk vayal yAnA cirkaw dArwazi valdida pAyda boldi
d26c67e69d984ea894923bcca828941b,vottura yaxliq kixi yerim vuyGur yerim vOzbik tAlAppuzi sOzlAp vOzini qAxqArdiki sawut kOnsUlGanisiniN mAsvul katipi miradil qasimup hAmrayini bolsa yol baxliGuci kixi dAp tonuxturdi
bd7e3ea1bc3543ef8049c980ce3d9b35,jUmlidin vular kicik tuHrilar bolup caqiliq rayonniN vahalisi deyildi biz mana bularGa vasasAn caqiliqniN vAyni waqitki vahalisi comullar vAmAs seriq vuyGurilar vikAnlikini jizimlAxtUrimiz
dff60d04daa24bc5a1165ce1567b0346,vular hArqetim yepixin caqniGanda warqirixip kOkkA rAhmAt veytip turGan yArlirini tArk vetidu wA qilixlirini voynitidu
e68ccdc5c14f401d9c2a113e5a988ec6,xu kUni bir miN toqquz yUz yAtmix yAttinci yili Harwardni pUttUrgAn mikrosoftniN bax direktori setf bolmirimu gAytisniN nutiqini vaNlidi
6446dd7a0ee54143b33ce103b4406aa7,box bilAn vikkinci voGli yAni wirginiyA xtatitiniN baxliqi jebniN siyasiy sAhnidA bax kOtUrginidin baxqa qalGan pArzAntliri nami ciqmiGan vadAttiki kixilAr vidi
db85d8d9b7644155bbfa190a01e9bbdd,nAjibulla gorbacewniN yArdimidA bir mAzgil vafGanistan zuNtiNi bolGan
0a0138a81deb4be998812a28afa5f24d,xotlandiyAniN padixahi valeksander yardin cUxUp ketip qaza qilGandin keyin xotlandiyaniN Han tAhtigA warisliq qilix norwegiyA qan sAstimisidiki mAliki magretniN qoliGa qalGan bu qizniN vapisi xotlandiya padixahi valeksander vikkiniN qizi bolsimu dadisi norwegiyAniN padixahi vAlik vidi
ce5026d7621d432aa6f155c3449dc92c,bu xAhArdA dA mAxiH kolombo vaNkor baGda bangikoh xAhri fesHartom xitabi waxington neyurok sanfransisko siyattili qatarliq xAhrdin kAlgAnlAr bar
f7d49abec51a4977b0d296a589b05cc7,makdonna Heglanliq dehqanniN voGli
97e90f05ac0f46d7864ab2bb43841c6d,tAkxUrUx doklatida kOrsitilixicA voquGucilar hAr kUni mAktAptA jiddiy bir kUnni vOtkUzgAndin baxqa kOp waqit sArp qilip mAktAp tapxuruqi wA vavili baxliqi vorunlaxturGan dArxtin siritqi tAkrar tapxuruqini vixlAydikAn tAkrar kursi wA kurJiklarGa qatnixidikAn
3ea0563e77d940a4bc33e047d4e9cd1b,gUzAl sAnvAt dArsini vOginUxtA vuzaq mAzgilidin boyan vortaq tonux xAkillAnmigAckA pAnniN vorni hAddidin ziyadA vartuq tAkidlinip gUzAl sAnvAt kAspi bilimlirigA wA viqtidarliriGa hAddidin ziyadA vAhmiyAt berilgAn
defc457815a640cbac5a279aeea554e0,su sUmUrUxtin vawwal biwari pUrlAxkAn halAttA xAkli qavidisiz su sUmUrgAndA kOpUxUp villipixsimandin vOlcAmlik cAmbAr xAkligA kelidu kAsmA yUz gUnlUxi boyicA vuzraydu
48938e1853a14ba1bfa2912a8bf4af3d,biraq sAburiniN vOmri bAhrul vAnsabni vaHirlaxturuxqa yar bArmigAnliktin xagirti qazi muhAmmAd sahim sofivallar yariGa vuni dawamlaxturuxni tapxurGan hAmdA yusupHa sajipniN hwapat bolGan yinlamisini qAbrigah vornini xu vAsArgA kirgUzUp qoyuxni wAsiyAt qilGan
2f1caec2d42743d4a605a0b0c83c08fb,sAkkizinci vayda vanaGay mofocofen qatarliqlar vordiGa volpan tapxurux qoduruxixni yAnA tAlAp qildi
fd0e4f01ae0a424d8e77a9a63b89d7ff,taxqirida soGuqniN xuncA qattiqliqiGa dArwaza valdidiki vikki tOp xAmxatniN qarmuz bilAn qaplinip kAtkinigA qarimay sal gOrkirAp kUyUwatqan hollanci mAxniN visxiqidin wA partiyA tAxkilati caqirGan matAm yiGiniGa qatnixiwatqan valti kixiniN tinqidin vissip kAtkAnvidi
ee34f0e1f56d458aa325b0a85e8d10b6,professor vinJener wA siyasiyon nAjmidin vArbAkanniN hOkUmitini bir miN toqquz yUz toqsan toqquzinci yili hArbiy vinqilap yiqitiwAtti
c74258bdd83f42debc9df93d943a68cc,vAlwida qoral degAn romanni bir yazGuci tArjimA qilip valqixqa verixkAn dAp tArjimalGa bAkjiq yezip kAtti lekin qaysi nAxriyat qacan nAdA velan qilip kimniN valqixiGa verixti buni bilAlmAyli qaldim
3bfc68be81334754af5fa88dec90041b,nAsridin vApAndi xAhAr hakimi sAhit vibrahim sultan hAdiyA qilGan vOydA volturatti
29322292d200412cad31c2bab8d17061,yuqurqi munizicni kUndA bir waq vikkitadin vistimal qilsa kesAllik payda qilGuci HiliyAt bAdAndin tazlinip ciqidu
6a108fc3b1104e62ae3d5d140e86e7da,sekritar sAlAyjanniN gepini bOlUp vorundin turdidA valdinqi qetimlarGa voHxax yUzigA maycepip gAJgisini mujup qoyuxni kUtmAstin boyundiki lONgA bilAn Halatni yexip taxlap talaGa qarap maNdi
60fc28619b5c4957a54632a05459ba6c,bAzi ballada kOpUncA vinduksiyA tApAkkUri voHxax bolGan pikir tApAkkUri bolidu
72046bc6265146af87d3992e91ee3ca4,bu valtin dAwr von bAxinci vAsriniN votturliriGa barGanda hazir biz vatawatqan bilgiyA lUksemburg wA gonlandiyA niderland dOlitiniN katolik deniy mAzhipidiki vispanlarniN vixHaliyitigA qarxi kOrAx qilix dawamida zawanliqqa yUz tutqan
a1e15e43a5bf46268162debb5edf4e3d,vuruxtin vilgiri loduzda mantyor bolup vixligAn yax vAtrAt baxliqi telgrafci wAtAngA vasiyli qildi wA vAskAr varisida kommunistik tAxwiqat yUrgUzdi dAp vAyiplAp vetixqa hOkUm qilixti
2a1fa4285aec44ff8b75040cd3161299,yuqurida sOzlAngAn riwayAt vAfsaniy mAzmulla HotAngA sambuhawa zamanida kAxmUrlUk varHat tAripidin budduzum tarqalGanliqidin derAk beridu
ef04669a9d1b4ab087a6c941a62068ec,qusqaxla bu jAzirigA nemini kOzlAp toplaxqan bolGa vidi
1d51a9b49d674d78b1642759a973c5cb,xu vAsnada birtal xoyniGa putlixip ketip yiqilip cUxkili tas qaldi hAmdA bu xoynniN bir bexi hoxsizi yatqan hey tajiniN kaltixtinniN beGi bilAn tutaxvikAnlikini sezip qaldi
24aa926e3075423a85128e4f2872d1cb,vAdAbiyat taki haziGicA materiyalizmliq videalizmliq revalizmliq motif wa halqizimdin vibarAt nurGun vizimlarni tUrlUk xAkkildA vOzdA hipadA qilip kAldi cUnki vinsanniN vOzini wA dunyani bilix husuli HilmiHul bolup bularni yuqurqi veqimlarda voHxax bolmiGan yippiNi tArzidA vAks vAtkAn deyixkA bolidu
92693853487f4730b1171fa777883047,pUtkUl kAni tarGina yol boyliriGa selinGan wejik vawaq derAk kOcAtliri paHmiwax bolup kAtkAn pakar xaptul wA yaNaq kOcAtlirigicA tAxnaliqtA qaGjirap cakcak yerilip halsizinip ketiwatqandAk kOrUnAtti
780dc1ca4f9e497c982fb751a5226c19,qirusiman paHtilix kesidigA yAtmix pAx pirsAntlik kekaNliN nAmnixicAn paraxikniN tOz vAlli hAssilik veritmisi yaki sAksAn pirsAntlik mankUzup nAmnixicAn paraxikniN valtic zAsslik paraxikni pUrkisA bolidu
799c27aff77e4c8abeca7f30e0bb850e,warengil basmicrini tezdin tazlax vUcUn partiyA mArkizi komciti GArbiy jAnub frontni qirm jAN mAydani mustAqil jAnubi front dAp vayridi wA qararini vorunlaxturuxqa vistalinni mAsvul qildi
abc9628b90fc4ce98184d472a445463e,mAwlanA hafisidin bolsa mujtAhidlArniN vAN vaHirqi vAwladi vikAn
8f02c9c8a90544e6b422aa144fa591da,dup tAriHi wA kAstanA hidliri dimaqlarGa gOpUl dAp vurulmaqta vidi
a2acf1ffa391469391309cc2bcbc4b16,vuniN vucisida lAnbOk pAxmAt bilidA saqal tariqiqi bilAn miswak vesilGan yaGliq pota bar vidi
4f419557a58449bc8bdd27c8765af730,guladadin tarqitiwatqan popt rodriges mundaq dedi
e8263e79173841a496949e99faaa41eb,hOkmAt burtniN yardimidA vammuwi telefon botkisidin birni setiwaldim
4bfb835102184d3ba974b6cc35f2f4a5,james hazir Hoci bankisi HAlqira mAslAhAt komitetiniN rAysi boldi
21a9db415b9c4adab1b654a473f96a30,mAhAlliniN vAN coN beyi tAwkAppurluq bilAn qisqa qara saqillini vucumlap qoydi
8567ff3817874b8aaa8858d1ba0e9476,vOzUN jUndimisAN tUgidoq woy muHtArbay qapqara saqarliri varisidin sAdAptAk cixlirini kOrsitUp vazad bilAn hejiyip xikayAt qilip ziyawdonniN vetini vOz quli bilAn valdi
9e3a6fd7899e44119e97a0279526a8ce,jenim balam dunyaniN Howluqini kOrmigAn voGlum putliri coqaydin vuccisi matadin qutulmiGan bicarA balam kOzUmniN nuri yUrkUmniN bir qaniti
77662ad2cba7495685280661710bb7c6,yerim savAttin keyin sabiq suwit vittipaqi doqtorHanisidA nurAli karwatta voNda yatatti vuniN yenida vAN daNliq doqtor jakpujaN sestralar bilAn paypetAk bolmaqta vidi
a98caceb08c44e0ead7f1cf15b4375ad,vu davim ceniqip turGaxqa muskUlliri vintayin tArAqqiy qilGan
ac2bf87386284816ae109bb4dac5d433,bAzi vunwursal til luGAtliridA tAlAppuz bilAn vorfolografiyA vottursidiki pArqniN dArjiskA vasasAn bAzi sOzlAr yaki hAmmA sOzlArniN tAlAppuziGa transprssiyA berildu
cb9a666ffc4147388cc54c4f37ab7bdc,cOcUrini cOc bArA dAp vataydu
4d434060aedc4590a8b9cbe3b8eceda3,kamil vistidatliq rastcil pasahAtlik vimam vAbul putuf vabdul Gappar vOziniN tariH kaxGAr degAn vAsrdA sutuq buqraHan bilAn vAmr rAxit valahidA tilGa velip tUrUk vAlliridA vAN dAslAp vislam deniGa kirgini xax veli vidi degAn
494f261cec1b41c59cbda8e7ae11a87d,vizcil coN sOzlAydiGan rosiyA vArkin demokratlar partiyisiniN rAhisi dOlAt domaisiniN muvamwin rAhisi Jernowxki mundaq dedi
e6f49e8ef00348a5aae296e78da18123,pakistan varmiyisi bUkUn hatAf vUc bAlgilik qisqa musaiplik zAmbrAk voqusiman vucidiGan baxqurulidiGan bomini muhaqiyAtlik sinaq qildi
948b6771425b490491f1bdeac4d841f4,hazir juNgo wA cAtvAldA tujya milliti tunus wA tUrkmA degAngA voHxax tu boGumluq millAt wA yArjay visimliri bar
fd98bc25175041e6815276bbdda816c3,vawa malik degini bizniN nayiniN voGucA qobul qilix vixHanisidiki malik juyjaN degAn xul
83dbdb1ed7444f0c92e6b6bc560265b7,vurugway xArqiy qirqiq jumrikiniN zuNtuNi tabara wazucuz vUcUnci fewral tAbrik telegram musAwAtti
503d7ac7c9bd4ae7a7eee324675dab6e,vular magabzos sodaniz qatarliq dahirlar idi
d4d83221f16848b5a0873fcb51ee2b4d,vOlgiri yamGur yAGisilAp vUcUn yAr patqaq bolup ketAtti
87b5a7d095f349b78bb1fc8bd8963db2,vuniN natisilar vixHaliyitidiki rownu rayondiki qAhArmanliq vix vizliri nahayiti kOp bolup nemisicini nahayiti rawan sOzligAnliktin vustunluq bilAn germaniyA varmiyisiniN generali boluwalGandi
418c04051cc6412fb3c2f47eb7624b1f,bu yArdA polat bAg mir vabdulla bAg babaq bAg siriq bAg mirzi dost muhAmmAd bAg mirzi vabdurahman bAg qatarliq bAglAr bar
7d1f3de7fd92495d86c085a6fcc3549e,qarisam vuniN HeyiniN birpiyi bir coqatmaqqa velinip qaptu baxqilar vaplah bOrigA yolqup qalGan bolmiGidi dAp qorquxti mAn yAnA bir vaz vizdAp maNdim
7628d8bd59ec4297acdc83c69a1a7b49,kUnlArniN biridA vu bekarciliqta vuniwersitetniN yenidiki vOzUmlUkkA berip vu yArdA bir tAntAk yigitniN garaJ vicidA bir vOzUm vaqlax vAswabi yasimaq vUcUn hAplixiwatqanliqini bayqap qaptu
5c56e513ef8e4e018a24509eef4e5f50,vappa Hoja vOz waqtida vaxu velimdarlarni vOltUrUwAtmigAn bolsa bAlkim bizniN varimizdin niyoton venixtinlar ciqip vatom bombisi yasap partilitip dunyani wAyran qilGan boluxi mumkin vidi
9b5e720e0af44be392d67f81a30b74a3,bu vasasliqi metil binzol demtil binzol formaldigit qatarliq qozGatquc HarAktirlik vorganik maddilar wA vammuyak karbon tOt voksidi qatarliq van vorganik birkmilArni vOz vicigA validikAn
be86ae4e158f47df9175753c8c20771f,vu mAlikA ruJAn varqiliqla vOziniN vordidiki wAkili veshaq bAkniN mal mUlUki daranniN tAkxUrUp pecAtilixigA vucrGanliqidin hAmdA vAgAr vu dikkandin vAskAr baxlap ciqsa juduppur xahi jaswannitniN qoxuni tartip zApqi hujum qilmaqci bolGanliqidin HAwAr tapqan
e08a95c7e04d4fcda1ba74fd5f496b41,tOmUr mis mangan molibidin gUNgUrUt qatarliqlar dArAHdinidiki fermitlarniN hArikAt viqtidarni yaHxilap Hlrofel wA vaqsilniN bir kixini vilgiristUrUx rolni voynaydu
e4a25d18393c4f50b06023acd72278fc,qulaq seliNlar janablar mAwjud hOkUmAtni Gullitix HArizidA maNa suyqAs qilmaqci bolGan vUx vasasi juN tawmenyU li xawtiyanlArgA vOlUm jazasi berildi dedi xiNsisAy qollirini varqisiGa qilip
7b971fa857f94aae82cedd7856f2cace,hAr vast gez botkisi vacamsAn yA
f019db03e5774f18b97703ecc0eacd84,bir cAttA Guljini vazad qilix jeNidA kUc ciqarGan vizhaqbeg zunun nasrof yusupof palnof maJarof xnuyof martoflar yAnA bir cAttA manasubayof vApxuf qiyumbAg qarapyuflar bar
11835b70c57a4fba86e62e64955b9bb7,sAn mu yezuN von tUmAndin vartuq kUclUk qoxun bilAnmu kedanlardin mAGlup bolup vularGa toHtawsiz vilgirlAx pursidi yaritip bArgAn turuHluq mAsvuliyAtni bi gunah puHralarGa vixtirip qoyuxni voylawatamsAn
20bca1980f434fe48b0a54ebaca7b3a1,von sAkkizinci vAsriniN votturilirida padixa cAnloN vOzi tizginilAp turuwatqan ziminlarniN HAriitisini sizdUrUx vUcUn portugaliyAlik vespinHa bilAn varuxni tAktip qilGan
21e4422a5f6948dfbb347d80cd54a971,memoral kartisi hesabidiki pul vAmAliy tutup qelinidiGan hesabat bolup memoral rastcut qilix nAH bul qoyux velix wA vistemal qilix viqtidarGa vigA
d7763cac903244f9b0b65338167b2b85,gOdAk vabliz harwiGa ciqti vu vablizniN bexini capini bilAn yOgAp vOygAvelip berip samanliqqa vAkrip baGlap qoydi wA bu vixlarni vaylistikilArgA sAzdUrmAslik vUcUn vayalni vata vanisiniN vOyigA kAtkUzUwAtti
6124b7b1bcc84d82ade31f0886e0d767,royi namiratliq bolsa royi dunyasi HunUklicix turmuxtin sowux qatarliq HayixlarGa qarita veytilGan bir Hil voHxtux hesablinidu
06303af1a6c04a1d9817f480bb1512ca,taymis gezitidA seperborik holiwodtiki baxqa bAzi daNdar kixilArniN besimiGa vucrdi deyildi
75e74c7493e7472c938fe368a52db901,vu vixniN veGirliqiGa yerip carcixiGa qarimay waqit ciqirip tUrlUk kitablarni bolupmu spartak qatarliq vilGar vAsArlArni sOyUp voqidi
515dee331b7c4de39ad2cd8c3a4f2d78,rAsmiy qapaq tAk bolup qapsAn kalliNda voxuqtAkmu maNa qalmaptu
45adea7f521c4418896defbfe5a944ed,GArptiki nAwrisi turulbAkki mAdgar bolux UcUn buharaGa barGan bu caGda buhariniN Gix kAntidA vaptuHaliq mAdrisini tAsis qilGan kixilAr vuni yUsUp hAmAdani deyixkAn
2fdbc7aea0a540f187d77897ec70f2c7,sUyrUkiNiz sUzUk bolsa qeniNizniN saGlamliqini bildUridu vAgAr duGlaxsa yaki vOzidA yaG maddisi lAylAp qalsa bOrAkniN hajislap kAtkAnlikini bildUrdu
7370cc63486741e4bb87f733b1bc4203,rozwel soNtuN yAwropa mAsililiridA mAqsiAtkalda cercil bilAn vistalinniN jiddi talixlirida vistalinGa yan basti tehran qerim yiGilliridimu xundaq bolGan
fbd16e3469874f0890f795d75746c23f,buznat weliNgi portiGa kOcUp fof vordistin yiraqlaxti
babb275abf6140f4a78ab12930c0cb44,vuniN familiyisi loxkariq bolup rosciliki qoxuq degAn sOzniN voquluxi bilAn voHxixip ketidu
62cf478ca0de4b728c664d3b955942e1,vAy yohAnnAs va vadimiy haywan qaraNlar dAp faqirdi vimam
6ea29b4bbd01426388dc3df9e8bae74c,kolujiHapfiysi votqux wA qAx yUzi bergAndA juNgoluqlar dukanlirida vadAm yoq vidi dedi
3f23aae4a9f94326beedc35f69a7a32b,bundaq caGlardA toqtaka vuniN qan qeniGa siNip kAtkAn saqtiliqidin sAskinip bu voyunGa vundaq pAmlArniN zadli kerAk vAmAslikini bu voyunda kim kOprAk vutturup kOprAk yAr beGrilsA vAmliyAttA xuniN vUcUn bir tAnrikAt bolup salamAtlikkA paydiliq vikAnlikini qayta qayta cUxAndUrUp ketAtti
ea8f7e80817248b093effe29f9a721f1,musabiqA vaHirlaxti komanda vAzaliriniN cehridA GAlbA kUlkisi vAks vAtti
9a4bd02827944873985a620d909b02df,sUrAttA mAdAniy vorunlarniN wAkilliri vazaq yezisiGa kONUl vizhar qilmaqta
9e29e574a2a54bff92de1bb83332c453,dunyadiki vAN qorqunucluq sOz dAl namratliq muqArrArlik degAngA vixinixtur
f5ba4ac7d51d4fd692504266b764395d,pAlAstindA namratliq teHimu veGirlixip viqtisadiy ziyan valti milliyar dolliriGa yAtti
0f25d0d57e4041aeb99415116f9071b2,parawalliq latariyA bilitiniN birinci dArijilik mukapati vuda vUc qetim ciqmidi
cdab487a57da4585abf6929d7ea0fc80,vu vaHiri Huy doHtorGa kOrUnUp bu kesAlniN vasaritidin tAltAkOz qutuldi
9b62db1ab7214ef9a7275d5b07acdbbd,vAslidiki pilanimizda tonji tOrkimdA qobul qilix Hizmitini vaHirlaxturmaqci viduq
460239608fcb49619e41cb34ba212b4f,bu vAjdadlirimizdin bizgicA vOzUlmAy dawamixip keliwatqan vAnAniyi vadAt
9b4269307397423aa09a10c6fd348bd3,qAdinki qAbridA nurGunliGan qimmAtlik vasar vAtiqilAr kOmlUp vetiptu
5ef0cf37d21a425da5c0492a2469ba95,vAgAr vadAm vOz namratliqiGa xikr qilsa vu mANgU bay bolalmaydu
eafc628fec7d411aa72aca19787e41eb,moma vastiraq meN yeqilip cUxUxtin pAHAs boluN
4a4f52f5a9704474b9a4df1d75326416,stiwenson vApAndi meniNcA tetanik wAqAsi hAqiqitAn tasadtibi bolGan degAn
31f2bc02bc60443f881f7b729c09f6ec,vu tAntArbiyA voqutqicsiniN tAsiri bilAn wasketbil voynaxni yaHxi kOrUp qaldi
f357c552a9dd48e28190ca7453c016ca,baxqa vaHbirat wasitiliri radiyo verixkAn bu vejtimaviy vOnUmgA hArgizmu yetAlmAydu
fec120af101d465ababc76c307f4163c,GArbiy rayonlarni heciciki maslixix tAdbirliri vUstidA teHimu velgiriligAn halda viziniximiz kerAk
faef0ce3dca6400ead94dce22f6dcec8,yaki HizmAt pul hAlAkcilikidA meniNdAk bir sinip jodacisini vuntup qaldiNlarmu
b86b74c9fb64450e8f2727c052b15f40,vu vac yaliNacliqta qalGan bolup vAhwali vintayin vecinixliq vidi
a2184eb2bc28402d979a1ab2600b0c7a,kUz kUnliri vaqariGan qomux pOpUkliri mAyin xamalda yAlpinip turatti
49aa7a93bbac40e3a07493c9a5701217,bAxburjAk bina telGa veliwatqan valahida qism vAzimAtliri ramosfeld dAwridiki vAN coN yANgUci bolup qaldi
de03486f7e2d4137bb0a754c54ad1711,vular mAylA qAyArdA vOlsun hAtta kUnlUk yol bolGan tAqdirdimu yAnila valtayGa dApni qilinatti
9acda0130c16422193601058a705d5ea,yindiquxteGiniN vegiz qisimliri davim qarmuz bilAn qaplinip turidu
5d6bcadf5bda4f649c5b38e9c8c5aa95,hazir pAqAt yUzAkila pArAs qilalaymiz
d8e013d3efba4a3bb90e437a1624400f,meni xundaq haqarAtligAn vaGziNni yirtip sesiq teliNni kesiwAtmAydiGan bolsam quddus bolmay ketAy
80fd88c88a474d1a9e2a1af9bceba40d,vamerika vAskArliri kUndA degUdAk mArgAnlArniN hujum nixani bolup pajiyAlik vaqiwAtkA vucrawatidu
d5ae97ae663947d6aa55441de376ee27,halbuki bu hArbiylArniN vOzini velip vetsaq vular vuruxta mAGlub bolGan qoxunGa tAwA vidi
26c7a3a0c0594493b1239fa9410c854a,videologiyA sayasi wA maarip sipidiki vOginUxni qaratmiliqi bolGan halda kUcAytix kerAk
8ba0aa46e4354fecbe2b13acf4206e25,juNgo cawxAnniN yeNA xArtnamA layisigA bolGan muddasini bilixkA tirixip kAldi
40247afcc38e48ba823219618f29c29a,hAr millAt kadir vamma japaGa vintayin cidaydu tOp Hux royi kUclUk
104551e41925482b8d635c01b0c99984,veriqtiki vamerika vanmiyisiniN bir vAmAllari von tOrtinci yol baGdatqa kAldi
44d0571d2c39430e964fa619468ac395,hArqetim qurban heytta xirkAt yAnA vas sanliq millAtlArgA qoxumcA yardAm puli bArdi
de720912636746f6b6855754c71a585f,cuNgu cawxAnniN yeNi xAtnamA lahayisigA bolGan muddahisini belixkA terixip kAldi
bafd8dc320144163ac4eaef4495efbd3,keyin bu paraHot deNizda halakAtkA vucrap zor kOpcilik yoluwci tunjuqup vOlidu
3486afe93ca14e66b3e18f3bba9fafc3,bu halAtni vOzgArtix vUcUn tariH voqutquciliri tOwAndiki bir qancA tArAptin vizdiniwatidu
31590644cbee46539d4d8032f6588e93,vu vOzini muHbir dAwalGan bolsimu vuniN bu vayripilanGa volturux salahiti yoq vidi
2b07e0e7910847db81681ead4c083dd1,viraqtiki vamerika varmiyisiniN bir vAmAldari von tOrtinci viyun baGdatqa kAldi
ebc35a0c77504321bb8f0580e8b7c678,yAnA bir qiyatax rAsmidA vadAmniN bAx qeyiqqa volturup kOldin vOtUwatqanliqi sizilGan
8aa8e60440cf480da6c26ca9267f1983,bala ya bir coN Hataliq vOtkUzmisA vuni nemA vUcUn bundaq rAhimsizlArcA qinamsAn
9e76f4a2a9274d5ab61e30bde71fd8a4,bdti HAwpsizlik keNixniN bir HizmAt koruppisi mundaq Hulasi ciqarGan
98d8a0fa518c4ab8b711856566eb492c,nAtijisi vasasiy vorunida turidu yetArsizlikimu vaz vAmAs bu baha vadil bolGandur
a4bc35acf6ad46f490bf716fe646b8cd,vamerika varmiyisi bUgUn vOzliri wAzipigA tAyinligAn nAjAf xAhiriniN baxliqi vabdul munimni qolGa valdi
8557f73fd09c4391bca0114a9cf44832,Gotuni ramiyA bilAn qizi sAfaf kUtUlmigAn wAqAniN yUz berixidin qorqup sAhafniN yenidin neri kAtmAydikAn
5148bf1b62e847a0a7a3547516ce34a9,yigirminci mart vAttigAndA sirtta pojaNza vetiliwatqanliqini vaNlap yeNidin birAr dukkan tijarAt baxliGan voHxaydu dAp voylap qaptimAn
cfa3566ee15441ac9cb8958289d5cd36,biyad HAtni kOrgAndin keyin tAsirlinip dArhal zuNtuN gidower kelewlandqa juNguluq qixcilarGa tOlAn berix hAqqidA tAklip bArgAn
21fc34d25c424227b54b00b15e12a58b,bu tAxkilat vasiy qoxunniN rAhbiri loran deslini vOltUrUx vUcUn qurulGan
3257f951defb445ea44cd847325d01b2,bu vorun qAxqAr HAlqiniN qurulux binakarliq nAqqaxciliq sAnvitini namayan qilip turidu
48409bd0835d44e288d1ef2a49d6426c,vu poyiz xopirniN mAslAhAtini pArwazsizlar qobul qiptu
60733db9d04b462388b45488206709ef,keriyA nayisi yeqinda yUzdAk vAmgAkcini furjyAn vOlkisiniN deHa xAhridA vixlAxkA vAwAtti
bbb9a0b47514496894c572abc28e8500,bu nemA gAp vAmdi mAn vuniN gepini cUxUnAlmAy vaGziGa haNwiqip qarap qaldim
a3a35f2c784b4e4a9db01940c8acdba1,rivadta von vikkinci may yUz bArgAn partilitix wAqAsini vasasiy pilalGuclarniN biri sAvudiy varabistanda qolGa velinidi
ea59ab201591435eb3855602f606dbd8,bir qisim qAhwAHana mehman saraylarmu Heridar jAlip qilix vUcUn vamanliq saqliGuci yallidi
cc0a7847cfd24ecaad649a43e9ff7bff,hAr qandaq bir bUyUk qurulux valdi bilAn varHitektorniN kalisida pUtUp bolGan bolidu
dbbea0ad35e943668d6fc3f38b80d880,bu varallarda volturaqlaxqan HAlqlar kokss palmisi vOstUrUx beliqciliq taxpaqqa tutux vixliri bilAn xuGullinidu
0e4d78be4b1246e4b86e8c06533c6e22,deNizda mayak bolmisa kiyimA nixandin vadixip qalidu yaki HaddA taxqa soqulup ketidu
2f1eea21901d4eefb9cfc8b5edd184df,ikki miN vikkinci yili vUcinci qararliq vorman bArpa qilix tamamlansa tAbii vekologiyA tosalGu bAlwiGi xAkillinidu
5a17ff056c714e56a1dd50888848f46d,bundaq baxqurulidiGan sinarAtni yasax tAnArHi hArgiz bAxmiN dollardin vaxmaydu
9b11eae00dbd45ffa3067fdfe2b1995c,jambulat kOz valdidila veGirliqi yigirmA kilogram kelidiGan vikki cOgUnsiman gantelni kUcimAyla kOtUrdi
a264142df3e14b9dbe5d38c41aa3d155,Hojayinlar bu paraHotniN sUpitigA toluq vixAnc baGliGan
73d8f56782af48cb8d43231a9ac75dd2,bowamniN komzAktiki suni vicAlmAy yiraqtin xeGilcixlAp vAkilip komzAkkA taxliGandin keyin vandin vickAnlikki tAswirlAngAn
39d82ec6209b4023b942fa58a829abad,vimtihan nAtijAmniN yaHxiliqini kOrgAndin keyin kONlUmdA bir Hil HatirjAmlik pAyda boldi
62d92552f94f4cc5a20dbd8e8b2a0829,pul mAqsAtkA vaylinip rAzillik mAnbAsi bolup qalidu
25137364d04d420aad98d854f7ef47a0,vu maxiniGa ciqix valdida vanisiGa bir nAccA veGiz tAsAlli sOz qildi
d45f46ef2f3c4a9a9a9217f34a306939,bu vadAmniN pozitsiyisi tolimu tAkAbbur vikAn
e3245b125d97482390195d871d020748,tAtqiqatci valimlar valAmniN siri vUstidA vizdAnmAktA
66bfb5de214a46928a124b1004a324e1,toy vixtirakciliridin biri zoq xoh bilAn vaxu bayanlarni sOzlAp beriwatqan vidi
1e375638248b40d3b5a696445f0ddd42,vular qaxtexi sodisi bilAn xoqullinidu
3308ec11d9494266ad8d3feb231f658f,vadAmni palakAt basqanda nemila qilsa qamlaxmaydikAn
07247e0bc76142228973ae251b924eea,voqutquci vuniN vOgUnlUx pozitsiyisidin vintayin narazi
b8cbfec112464d9187852dd07c1c814d,vular qoxulisila mAktApimiz tArAptA baxqicA pikir yoq
c1909115c475468fadb9ca56eb60d0a6,vu qattiq qayGurGanliqtin vuzun vOtmAy vorun tutup yetip qaldi
23b4b9deff254d8fa5422d9f1d53c273,bu vixta hAmmimiz tAN kUc ciqarduq yaratqan tOpimizmu voHxax
a9c53b9699054962a0523a53d7d43819,vuzun vOtmAyla bu bala bir munAwwAr tAnhArikAtcigA vaylandi
f507137e16294862a92fd2bb1d456b60,mAn sinip hAyviti bolux raqabitigA qatnixip vaHir saylandim
22d60c744849480ea47d91a0038d6a88,muvAllim bizgA vOginix ramkisi bAlgilAp bArdi
89bb9a982bb9443d965755a01f879f07,telefon vulandi validiGan vadAm yoq
3fef4191fc824e4db4880b0eb2f30ad3,kOkrikiNizni rintiginda sUrAtkA valduruN
7abb9c9cb1d94365813906392591d313,tokyoda vUc kUn turGandin keyin juNgu HAlk vawvattsiyisiniN vayriplarniGa volturup bAyjinGa qaytimAn
09aca094483949069218b53559209f41,vallahniN rAhmiti bilAn nahayiti voNuxluq wA kONUllUk boldi
864f96c60ac94c45a9c1ccf6d5508776,bAkmu vApsus biz malni tapxurup valGandin keyin malniN catqiniN barliqini bayqiduq
3edfcb4cacd9412bb8c21d2f8920da6d,yaHxi cUc kOrUN
a520853fb3a44818ab08bb1ad5262662,telefon vulandi validiGan vadAm yoq
8e09574dc68b441f8100744b28e83e21,mAn qan wA sUydUkni tAkxUrUtmAkci
04f201b1bca642179c9669ba03c5237a,mulazimitimiz kerAk bolsa telefon beriN
8dd2be03591d4e04b66140e89d69da41,juNgu vAlci Hanisi vAtA kAx dOlAt bayrimini kUtUwelix yiGilixi vOtkUzmAkci
1839c3769ceb49a492eb2b8abdd4e226,bUgUn tAntArbiyA mAydanida putbol musabiqisi vOtkUzUlUldu
76d36d72b5dc436a8bc6d80167609029,tAlginiNizgA minnAttarmAn qAdAm tAxirip qilGiniNizGa rAhmAt
4c0438287d994542a0a43696d7c73d50,sizni kOp hawarA qildim
1885cbda0e834c569f35a23d21d90ec7,telefon vullandi validiGan vadAm yoq
b54ff276e158458a8d900ac2b7fce95e,sAn top mAstanisi coqum kOrUxiN kerAk
8c732b2afd974504a43eb3b63207235c,sawut vOzi coN bolGan yurtidin vayrilip vawad xAhArgA kAldi
fc5eb20d07244306a1616846f8c47046,vilgiriki qural tAkxUrUxlArniN hAmmisi mAGlubiyAt bilAn vaHirlaxti
375a02b5b4c4495c8d17ba923da3eb92,vottra vAtrAtniN bu mAsumluq HizmAt pilarni vixlinip boldi
02098a96eabf40048e92eb271ffa8348,subyektiwizmliq xAHsiyAtcilik vuniN mayiti
dde82992835543869ae308d73ba04c1e,vAslidiki pilanimizda tunji tUrkUmdA qobul qilix Hizmitini vaHirlaxturmaqci viduq
e07d5027520e474887396519bf5a69c4,voquGucilarniN qorqux gumanHorluq wA qarxiliq kApiyatini tUgitix kerAk
45f1b5827cc54e229d73310eee0b1b55,hazirGicA hexqandaq tAxkilat yaki xAHiz bu vixqa mAsvul vikAnlikini jakarlimidi
cc70bb5a02e84212a103fc37a53792f0,vu pulniN vazurxqa bArdast berAlmAy cUxkUlUxip HiyanAtcA bolup qaldi
a82c8ded2a524a00b970534fb24c9a5b,pAqAt bir getlirlar kAcUrUm qilix hoquqi vigA
a3367179414a4a21bc45aa5ec0a7b96f,bu jil yigirmA tOrtinci fewral yUz bArgAn yArtAbryAx miralbixi pAydibad qatarliq jayladiki hAr millAtq vammisni GayAt zor ziyanGa vucratti
4a3585e8696649a2a46bf184144ac4ad,tUrkA mAnistanniN hawa kelimati qurGaq hOlA yeGin vaz bolGanliqtin paHta terixqa bAkmu mas kelidikAn
becf173a9caa4aa09c6c3ff36dae3c08,bu qitimqi vot vapitidA munasiwAtlik HadimlArniN jawabkarliqini jAzmAn sUrUxtA qilix kerAk
df9837cc1d204f608bc0025f9983ca89,hazirqi kUndA cirayliq qiz cokanlarGa qarisaN kOzUN HuwwAt tappidu dAydiGan gAp bar
457201457d3744ef986e1f7585746ef5,helimu vu parasAtlik bolGacqa bir qetimliq vosal halAtniN yUz berixidin saqlinip qaldi
ef4f03bf48754667878594f67ae7ca33,hArqandaq bir timA wayigA yAtkUzUp vipadilAnsA vu coqum HAlq tilGa vaylinidu
94e0d3a1be454246aa031f5b5efa500e,yigirminci mart vAtdigAndA sirtta pojaNza vetiliwatqinini vaNlap yeNidin birhAr dukkan tijarAt baxliGan voHxaydu dAp voylap qaptimAn
321b0d9ec6044e8ba80fe365065687e3,bu varalGa rosiyilik vekspedisiyisi brinigA kAlgAn wA vu jayGa valevot dAp nam bArgAn
26d7d6e184dd49d391cb5445ab82e436,xinjaN geziti muHbiri jiddiy vuqturux ciqirip layaqAtsiz maskini qayturuwaldi
fbc77a8468e7407180090a1cbd0af941,mAynAt yollar tazliq vixcinliriniN tazlixi bilAn rAtlik hAm pakizA bolup kAtti
1dc4a894e056454baa53ed47e5a18283,qara veyiqniN hArikiti qaxaN bolup meNixi tolimu vasta
bd440511e8bd466e95137353d1dce2e1,silArni qizGan qarxalimiz
def1a639b5334ce59f0ec6fb2ca4d0b0,bu yerniN tatliq turumlirini tetip baqay
7824bae8e4d34b08b3874af8b9fc9c85,sizniN tApsili cUxAndUrgAnlikiNizgA rAhmAt
f19ec9621aff4479b7a274c24346f0bf,bUgUn cUxtUn keyin mAn vAhmAt dohturni ziyarAt qilGili barimAn
c52ab54cdd7e40628e19f999e8b2520e,bizdA jAzmA yeNi bir bAHit pAllisigA bolGan qaynaq varzu yelinji yaxqa baxlaydu
db6d885d305143928e72a908a0deeaca,bu varallarGa rosiyilik vekspedisiyici birindik kAlgAn wA vu jayGa valivot dAp naN bArgAn
24712b2693234f36a34df50ec2344544,jambulat kOz valdinla veGirliqi yigirm kilogram kelidiGan vikki cOygUnsiman gan telini kUcmAyla kOtUrdi
31cef788f083418590a3445f7feeb8a5,tawarlarniN setilix yolini vOzlUksiz keNAytix vehtiyaji burJaziniN dunyaniN hAmmA yerigA tarqilixiGa tUrtkA boldi
49aefd34cdc24875a9af18e8e41367d5,hazirqi vaxHabada tUrkmAnistan jumriyitiniN siyasiy viqtisadiy mAdAniyAt mArkizi vasasi qatnax tUgini bolup turmaqta
fa9cd345c1af4dfca9bb44ed7f1fe06c,baxqa rayonlardin vaxHabatqa kelidiGan kixilArmu vaxHabatta tatliq su vobdan turar jayGa yemAkliklArgA vigA bolGan
1050fbebb0b04bfeb722a4c7f5b7c1d6,varqidin yetixip kAlgAn bOrilAr vOlgAn bOrini voruwaldi
4d2f047630ab432eaa1a227d445a4dae,tAkxUrUx nAtijisigA vasaxlanGanda siz pUtUnlAy norman
de26918b695f43c8a85ae4c81eba921b,mAn bir vayrplam belitni valdin zakas qilmaqci
c28db0b7af234d38931731515932633d,siz remnut zawitida voNxtiN pulnimAn tOlAy
49952bc99ca94aa2ab36b5de7b1b6cec,turmuxumda bAzixlArni Hata qilip salGan voHxaymAn bumu vOzUmniN xori
a3d3ea2702874829830acc827b7e1e6c,vuniN janpedaliq bilAn HizmAt qilix rohi mANgA vOginiximizgA vArzAydu
d1cf38635f0445e99740a1f1e060ea4d,kUclUk quyax nuriniN ceqixidin kOzUmni vacalmay qaldim
c72fdb466d48453ebb13d60a89aebb9b,hendiqux teGiniN vegiz qisimliri davim qarimuz bilAn qaplinip turdun
06465a350027421bba1711d03511b30b,sasizilGan bayram pasulliri tiyAnvAnniN rawiqiniN hAywAtlikixAklini namayin qilGanvidi
31ad1d4c1f374ae0976d63cefffb3536,kUz kUnliri vaqarGan qomux kOpUkliri mAyin xamalda yAlpiinip turatti
b3d354dc7c3443b3a40ff22c679906ce,xAhArimizni teHimu gUzAl teHimu bayaxat teHimu zamaniwi xAhAr qilip qurup ciqixtin vibarAt
fa2e1fdd1dc640cc9810bac4909d03c5,sirttin kirip kAlgAn vOmAr muhAmmAd rAhim vOyniN vici haraq turaydiGanliqini hes qildi
ef196710ddb04df49d2567977f09ed52,hazir turmux tArtipiy vAslA kAlgAn bolsimu yAnini bAzi Hatiri jAmsizlik valamiyAtliri tOymidi
3857fc3f38e5404ebfea603b9458bf6a,tuyuqsiz GarasilGan vawaz bilAn tANq bu veGir mAHluq quramtaxqa vurulup toHtidi
383aeed18d9148049a0c072f26862880,bu xirkAt vilgiri juNguluq vicilarni tUrkUmlAp bu yArdiki kOmUr keniGa yalliGan
19ef00f7200d4cf890f17637bcd1cb1b,vu vOzini muHbir dAwalGan bolsimu vuniN bu vayruplanGa votturux salahiti yoq vidi
baec07a8e2f44e14bf398a93d4556d0f,yigirminci mart vAttigAndA sirta pojaNziGa vetiwatqini aNlap yeNidin birAr dukan tijarat baxliGanda voHxaydu dAp voylaG qaptimAn
cf6030cb3fad4c4cbc4a5ea2edb0e354,bir tUrki mol tAjribilik dektorlar programmu riyasAtciliri muqbullar wA reJissorlar barliqa kAldi
3b87738481584c94929004778b2bca35,vu poyuz sxopriniN mAsilihAtini pArwazsizla qobul qiptu
604bf349de39408d92b028c8a244024d,yigirminci mart vAtigAndA sirta pojaNza vetiwatqinini vaNlap yeNidin birAr dukan tijarAt baxliGan voHxaydu dAp voylap qaptimAn
b49c2ab5a689430980e0025afb82c82b,bu vikki viqtisas xunas yilliq nobil mukapatiGa verixti
d85794bbf72a45818a2cd08d60d8d972,tAHlidi vawaz varcisliri visqirtip kakkukniN sayrixini doriyalaydu
742ff42336834694824d5f9e3ee9cea9,burunqi jAbr japalarni vAsligAndA hacamniN kONli qattiq buzulidu
1e05df0850e743719216685e9d949881,kemA qattiq cayqirGanliqtin vuniN bexi qeyip qusuxqa baxlidi
f5f3197a164845e6b58bf21539b5fb92,vOyniN vici pakizAm cirayliq bolup kixigA hozur bAHx vetAtti
e4025ff2378d4b1db5c55e9119816b75,bu yeza vaqiwAttA coN yeGinda tANqitlinip jAriman tOlgAn
3cb6bf2f1b6e44e8aeb0f2980af5a1f7,tizginlAx tAdbirini muxu nizamdiki bAlgilimA boyicA waqtida qollanmiGanlar jazalinidu
44ab7737712c4f1f9811e2962058b57d,vu yuGan mAHluqni wusuN yArgA miHtiwelip tirmacqudAk purxAt bArmidi
c135b599d7da4322859e5f2493f5a202,HAlq vammisi bizniN vAdAbiyAtimizdA sUrAtlinidiGan vasasliq vobyekittur
69d8e4e869824ae4bb3ba8657f8074d1,vamerka varmiyisi viraqiqlarni sadamniN vOlgAnlikigA vixlAndUrUx vUcUn xundaq qiliwatidu
64852c1ba5d549559505801a681e8f61,vuniN jan pedaliqlar HizmAt qilix rohi mANgA vOgUnximizgA Arziydu
47a228cbdfd24544a1ec58530259b411,bu qetimqi veGicimtAmdA kOpcAkniiN diplomatsiyA viqtitari tAkxUrUlidu
46ce0e407fd94436a69f1aa4aabd6ec5,vayqiNizdiN boqucini cekixni vuntup qalmaN
d0542fc0476341b2847a44fe69ecd59b,pilanimni bOlUm rAhbirimizgA dAp ruHsAt valGandin keyin vixqa kirixtim
63ec06dec5f1420f8d90247e04ed780e,dOlitimiz vAmgAkci HAlqi kompas partdat quc dora qAGAz wA mAtbivAtcilikni hAmmidin vawwal kAxip qildi
3a0c44da0a36467b8ea068cb47d2130a,xinjaN jamavAt HAwipsizlik cegram mudapiyA bax vAttriti namratlarGa vAmiliy vix qilip bArdi
9d47a96f46634457bf40dd5c64442dba,bu qetimqi vota vapitidA munasUwAtlik HadimlarniN jawabkarliqini jAzmAn sUrUxtA qilixi kerAk
e09bcb95401d438ba92889b8eb0a490f,velanda vottuz bir yAxliq simis vOzini mulayim zUrAk vayal qilip tAsUrligAn
d1eaf4751e194fc5ad0a24ce687c50b8,vu mAktApniN tAqdirlixini dawamliq valGa velgirlAxtiki yeNiy tOtkilU kUc dAp qardi
989750f8252b484fb08cd5c830c5eddf,vu los vanjelistiki kaliforniyA vunustiniN mesrsnAsliq boyincA muhAmmA professori
17d5a1756e9c48e9980febaf7c6770d0,bu maqalA vijtimavi rihalliqtini vAynAn vAksAtUrp beriptu
2cdf48905243466581459e9c3f1e814e,vottur vAtirtimiz yAnA sAkkiz nApAr piyonirni yetixtUrdi
cc23237359ab42bbb4050372b45346d5,muvAllim vuniN yeniGa berip nemA vUcUn yazmaywatqanliqini soraptu
ac4b4a80c14d4acd805e41ed47eb2f79,vAHlaqiy pAziliti nacar voquGuciliriniN valGibisix jariyanda Hatarliqini tekrarilixi normal hadisA
a9fb21ebfd7346789ea881315a731b5c,bu wilayAt yAnA tUrlUk yollar varqiliq mAblAGA toplap vettijiriq su vinxahAtti vasasi quruluxini mas qAdAmdA tArAqqiy qildurdi
13e091315a364b98aad297b3c06fad42,milliy mAnitimizdin yiraq bolGan cingUzAl lAwsUrUk zilwa degAndAk vilanlar dihqan carwucilarGa bemanA tUyUlidu
54348d3ddc5345b7b521197b03bdbd18,visraviliniN ximaliGa jaylaxqan bir tUrlUk mallar magizinida sAkkinzi jon partlax yUz berip vikki kixi vOldi
d54a351bff3f48379b3b91a56c2f093e,vular volturuxta hara qiciplaqalmay nAximu cAkkAn
f8947ea282514bcb841d9ca4c414ff2a,varqidin yetip kAlgAn bOrlAr vOlgAn bOrni voruwaldi
a0f120d7ad8f4d108ffb62c9a7df6cc2,birdAmniN vixidA vuniN sUNkinila qoydi
3482c84f75084315b3a92708caf78fc0,kAcrUxsUz sizniN biltiNiz vetibar bilAt qayturuxqa bolimaydu
6604382f48154f4585e090939f0ce06a,zemistan qixpAsidA vitpaqtax varmiyiniN vAhwali vintavin qiyin bolGan vularni vazabitin qutuldurux vUcUn felornisi neget negal wA vuniN sesteraliri qerimda HizmAt kerix
af91c335d9364e1b911e986085fd86cd,kolombiya vuniwersitidiki nobil viqtizadxunasliq mukApadiGa verixkAn jozuq stiglitis Harwat vamiwi maliyA mutAHAsiti linda bilmus bilAn birliktA vilan qilGan tAtiqat doklatida viraq vuruxuGa kAtkAn barliq mAblAG maliyA silinmisi vijtimavi silinma wA makro viqtisasxunasliq tAnnArHini vOzicigA valGan bolup vikki terilon dollardin vexip ketidu dedi
7dff66bf5cf3499bbdb7485a9a4acc36,taN vetip qarliq coqilardin cecilGan quyax nurliri vaq xayiGa besilGan zArdAk yalturaxqa baxliGanda bOtwAti jilGisi Huddi vuzaq yillar voyquGa bAnt qilinGan tilismattAk jimjit yatatti
9cd2a9365f3d4c57b2b7ebab861ad212,qasim vorgan gizidA maqalA vilan qilip bir gebrakellir pewHanisda nutuq sOzlAp qutratqiluq qilGan
8455843332fc458f9f8dcc9474aa1d1b,vAngliyA mustaqqinliq gUzitiniN viyoldiki HAwrigA qariGanda viraq vuruxiGa qatnaxqan vAskAr vOzliriniN mAzkur vuruxqa qatnix jAryanida bigunah puqranlarniGa qorulap vOtUrgAnlikidAk zorawaliqini vaxkarliGan
abb24de9ba40492da6f022d3d401d763,diJon vApAndi vabdrim nizariniN vasasliq vAsiri mAftA dAstanini vuyGurlarniN vilim vAlfiq mAzhipidin biri bolGan hAnfiyA mAzhipigA tAwA dAp qaridi
8ae8b1c51acb426aa56199fa053afb48,tAkxUrUx doklatida kOrsitilixcA voquGucilar hAr kUni mAktAptA jiddiy bir kUni vOtkUzgAndin baxqa kOp waqit sArp qilip mAktAp tapxuruqi wA vavili baxliqi vorunlaxturGan dArttinsiqta tAkrar tapxuruqini ixlAydikAn tAkrar kursi wA kurJuklarGa qatnixidikAn
a0ae5783377144f5b8a5627d22e06e04,terAklArniN tOpA xaqliridiki Goralday qurGuy kOknAklAr curquraxti kAptArlAr kOpkAk visman qAridA gUlciqirip pArwaz qilixti
38c32ac6f8ed4e2c8311319394d86055,vikki texiGa vurup vixxitip yoGuntip vandin keyin buqini picciqanda daGliGandAk daGlap catarni vOrttAp kOydUrUp vOltUrgAndim kOrdUm
2c09f2c837954aefbe7f0038c5c08d13,bu jUmlA yAnA mulla mirsalih qAxqAriniN ciNgiznamA namliq kitabidA velinGan
ccd4e48636a543adb00560a4374b96a1,Hojintaw lawoz HAlq demokratik jumuriyitiniN rAvisi commal saygininiN tAklipigA binavAn von toqquzinci noyAbir layoz paytaHti wentiyAngA bir lawosdiki dOlAt vixlir ziyaritin baxlidi
443f8794869d4e94ab00d862f51b726e,hAjim nuqtisidin mupAssAl loGAt vOzUndA loGAt wA cAklUk loGattin vibarAt vUccUN tUrgA vayrilidu
ef359b2004a94fd796bc3e0cc3eb6c38,buniN vUcUn vAynudiyikniN hAr biri vottuz bAx gramdin HArbAqniN hAr biri vottuz bAx gramdin HubuslihAttin bAxyUz gram HAxHax yigirmA bAx gram pilpil von bAx gram badam meGzi yigirmA bAx gram qapaq vurqi meGzi von gram cuNsilaN golurqi von gram cakanda qizil tudri von bAx gram jAmbil von gram qizil gUl bAx gram vaq cOpciN qizil cOpcin malHoliyaNniN hAr biri von vikki gram qavidA boyicA soqup tasqap tAbrizAtniN tuzi varilaxturup talqan qilinidu
c66024a0d1e74fe2a95a45533d2072df,bu Hil HislAt balilarda yeNi vOlgA pAyda qilip balilarGa bir tApAkkur boxluGini vata qilidu
6d25d5fcfb964c6bae4afecf2936767a,Han jAmAvAti qoxuni vUcinci qetim xArqqA yUrUx qilixta cAwAndazlarniN sehriy kUci bolGacqa xan xArAp qucti ricard padixahlar varisida rAhbArlik vorniGa vOtti
a3c6973eccfe42dd86933cdf43a22b78,vaklet bir qizniN qolini muwAppiqiyAtlik voperatsiyA qilip saqaytip hindistandiki mAxhur xAHskA vaylanGan
2c437fcd4de74a11b954b89507f29dee,qAmbAr HanimniN vusul hayati vAksAttUrUlgAn fotosUrAt kOrgAzmisi baxlandi
9ca878989c17406cb5038fed2bf8d4b6,bu kitabni tUzUxtA meni qolliGan valahidA yardAm qilGan zor vilham bArgAn muHtArjan yaqub muhAmmAd kerAm vismavil qatarliq dostlirimGa xundaqla kitabimni yaHturup voquGan barliq voqurmAnlirimgA cin qAlbimdin rAhmAt veytimAn
ccb8fc68397b474d8881e4106a53da68,dON mAhAllidiki noGaygot mAktipini pUttUrdUm vAmdi vAksenrniN valdidiki gimnaziyidA voquyimAn
62d4299072184944a452731b62694e99,yayovi dAwridA yamato kanoci setso vAtrapliri seto vixki deNizi varqiliq coN quruqluq mAdiniyitini kenikniN xArqidiki bu rayonlarGa kirgUzidiGan qapqaq vidi
feebefcda3254bb09e5a32de535b2cdc,vOlkA yoli vikki yUz birinci liniyisiniN qarmaydin yUyxuguGuci bolGan yol bOlki vaptonom rayonliq HAlq hOkUmitiniN tAsdiqlixi bilAn qArz velip yasiGan hAqliq yol
ad11b42a849d47b18602ff20448392d0,vana vstU tArkibidiki vuzuqluq maddida baldur tuGulGan balilarGa nisbAtAn gUhAr bolup yaman HArAktirlik kicik vUcAy boGmaq vUcAy yalluGuniN valdini velixka paydiliq
fc5d47db346b41f8bec6bc28f0d34881,buwaq toGulup tOt kUndin yAttA kUngUcA sos qoNur rAN halitidiki coN tArAt kelidu bu sUt vuGutliri deilidu
61844222819e49cbb222d8a50fbcb4b6,bu waqitta balilarniN til qabiliyiti teHi toluq tArAqqiy qilmiGacqa balilarGa kicik vaslan mivomaw coN serik vid hawhaw degAndAk sOzliri vaddi retmlik qiziqarlik balilar naHxini tallap vUgitix HilmiHul haywanlarniN pavaliyAtlirini dorax kerAk
5c886892aba34d21bb5ed68fcabf6d99,vuniN qaGa quzGunlarnimu yawu toNguzlarnimu tilliGisu kAldi
19331a4317af434396c358ec708e1d0b,vuruxtin vilgiri lodezda mantyOr bolUp vixligAn yax vAtrAt baxliqi telegrafci wAtAngA vasiyliq qildi wA vAskAnlAr varisida kommunistik tAxwiqAt yUrgUzdi dAp vAyiplAp vetixqa hUkUm qilixti
a9ea0980b63d424284e93cb9470b350f,dOlAt mudapiyAsi ministiri bolGan ramus flittin vuzaqraq wAzipi vOtigAn
ea19b6cd1b254d2c8ff5b426c896ff62,vaygul vuniNGa vOziniN xeHpiGi yolidiki seryo zahawidiniN valdiGa barmaqcA kAlligini vetip vuni mwatiskiltiGa ciqti
1741480cf5fa42c3a1c2812ab5a0634e,vular yolda bir soGuq vicimlik dukuniGa kirip bir muncA maruJnini velip yedi
13620d556e7b4f988766d25b317b8dc5,vu vUc borGuzGa barmiGan mOjin yaryatmiGan bAlki kozrayinGa jaNviylan qilGan waqtinla voGul balGa voHxiGan vidi
3e6d34cdc63b414fb3b50f4a24a51056,biz vottura vasiyadiki vAprasyap bArAHxah pAnjikAnd qatarliq qAdimiy xAhAr HarabiliridA qismAn bolsimu saqlinip qalGan hAykAltiraxliq binakarliq wA tHam rAsmiy nAmunilirini buniNGa misal qiliximiz mumkin
9b232b22a30a46d883b76a93b270200b,vural cUcUk buyiniN vasasliq Hemi tArkipliri treter pit tUridikilAr wA filawin turidikilAr baxqa tArkiplArdin yAnA biologiyAlik vixqar poli saHarit kumarin vamino kisata kOptUrlUk mikro miqdardiki velmitlardur
d8e2bdbfd6bf4353ae46d1cfbb3fc169,jUnku marip vixliri ministiri bir wAkillAr vOmiki vAwAtip vamerikiniN baxlanGuc maharipiGa qarata ziyarAti bolGan hAmdA dOwlAtkA qaytip kAlgAndin keyin miN HAtlik toklat yazGan
d298a3bef7e94308ab2868cd3080f6a8,vAmAliy vehtiyajGa vasasAn sarisiniN yoqum vAhwalini kUndA mAlum qilix hAptidA mAlum qilixqa vOzgArtildi
419d6f2b35ce4a8186cdf39e5f3820c1,vonsu nahisiniN gUlawat yeza vaq vOstAN kAntidiki yAtmix yvaxliq buway nurAk vawutqa von yil burun sAwAbsizlar bir kicik til ciqqan
75bcc0ce87234678b8b7cf8b3fbe6721,vikki texiGa vurup vixitip yoGuntip vandin keyin buGinipixqanda daGliGandAk daGlap catarni vOrtAp kOydUrUp vOltUrgAnnimu kOrdUn
d917342d93b7490394197ac2935d3ad4,leykud guruhiniN voN qanat parlament vAzasi yuwar stayintis volmerttin tAHttin cUxni tAlAp qildi
377a81ff713244039d782a7f138f686d,wrangil basmucilirini tizdin tazlax vUcUn partiyA mArkizi komtiti GArbiy jAnub frontiniN qirm jAN mAydanini mustAqil jAnubi front dAp vayridi wA qararni vurlaxturuxqa stalini mAsvul qildi
6fcc055878e64351bde936569730a68e,lahordiki jAmavAt Gulam vAhmAt mirzini pAqAt mujAddit yeNliqcisi dApla qaraydu
bfbf8bff007241bea7c67d391a745d7d,jilGiniN vikki qaptili gahi tOt pAx yUz metir vegizliktiki granit taxlardin vibarAt tik vasma qiyaliq gahi yArliri veqin lewigici gorizontal yOlinix boyicA pAslAp kAtkAn yaylaq vidi
3905f4cd6cfe4b5b9f86d0c453f4175b,vular baxliriGa qara rAHit voruwalGacqa HAlq vularni qaraxsipAxlAr dAp vatiGan
039d3eafde0e46ca8b16d0e14ea2ff2b,vAynA caGda vAmUr noh vibni mAnsuritsidiq vuniN dOlitigi lAxkAr tartip bu xAhrigicA vurux qilip berip nurGun maldunyani qolup kAltUrgAndin keyin cikinip qaytip ketidu
cf90ce26382547fd847c1d5211741fd8,soGdiyaniniN ximali vetil dAryasi boyliridi bolsa vativiz qasar baHu pecAnAk juHAy habic qAtarliq quwumlar bolup vUc tUmAncA lAxkiri bar
7eda145d61f841c2ae4691c6adeeeec9,pilA mAxUtirAq wA cAmAnzarni cUxidA kOrsA mal dunyaGa vigA boluxniN mArtiwisi yoqur boluxniN yUz vabroyluq boluxniN vAmma hoquq mArtiwA mal mUlUk tUpAylidin vapAtkA yoluquxniN bixariti dAp qarilidu
ac64c3328d55480297c6474af572f22e,mAn coN bolGucA tUzUkrAk yol tapalmisam vAnA xundaq tAmtrAp qalimAn degAn vAndivixilik HiyallarGa berilmAn
dd7bb232792f42f29f9aa8219f2c33ab,moNGul kixi HuaNkatipniN sOzini vOrUp biz vUcUn vAN vaqilanlik vamalniN bariicA tAn jazasidin qutquzux dedi
48974472ec8f464c86070227ce9463af,bizki qiyaliq boziyar baxquruxx Hanisi xol toGriluq toHtam tUzimizdiki qAdridan vabbasqa bir miN vik yUz vAllik tonna gOlqaqiniN kilosini birkoy vUxmu bAx miNdin sattuq
d3fc1be5130e488b9cda9c79c2735ad1,bAxburjAk binadin karHana vamiwi siyasiyA tAtqiliqatHanisiGa yOtkilgAn robenzon vaqsarayniN sOz bilAn hArikiti birdAk bolmi dAp vAyiplidi
2f2bb39405f243a2b39cc844d91bf43e,qAwziyAt kAsliki giriptar bolGan kixilAr vuzunGucA hAsAl vistemal qilsa vUcayni siliqlaxturup tArAtni rawan qildu
4c5422b04ee24dff8ba85780258ef143,dOlAt mudabiyAsi ministiri bolGan ramusflittin vuzaqraq wAzipA vAtigAn
ed82c40ab5c147c8a54b6da08cf6bf4c,quxqaxlar bu jAzirgA nemini kOzlAp toplaxqan bolGa vidi
ca0472461aef4da4aa38b4adc13e8128,til kecikip ciqqan balilar coqum dOt hesablinamdu natayin cUnki balilarniN vAqili qabiliyitiniN yuqur tOwAlliki yalGiz tilini vOzixigA velipli qalmay yAnA tApAkkUr putqol mAxGulati qatarliq nurGun tArAplArni vOzixigA alidu
446d6da5db2c445792dc2d0a5d2c51da,pAhliwiy hakimiyitiniN GArppArA siyasiti xivAlAn yAmbirqetim veGir voNuxsizliq vucuratqan
80ec041e462f4b968c3176436ccd6f7b,vAlliginci yillarda bu rayonda tOz vatmix miN gektar toGraq qalGan
fb3190dd32c849a594851329a2de2c89,pilqoca vuyGurHanliqiniN qol vOnArwArliri pil suNAkliri wA qimmAtlik taxlardin vagat yaxma qatarliq minerallardin marjan kAkrwa wA qaxtiixidin pil xirlarniN hAykinliri wA hArHil zibu zinnAt boyumlirini yasiGan
730d46629e9f4743a75e4f10785e8c89,likod koroyiniN voNqanat parlamAnt vAzaisi yowar vistayintes volmerttin tAHttin cUxni tAlAp qildi
eafbaf16d30348d486129fb7b58f0e1d,jumriyti hOkUmitiniN muvAwwAn zoNliyisi pafrog romiyA hOkUmitiniN zoNliisi tercanu lUksemburg kenAzik hOkUmiti xundaqla dunya viqtisad monbiriniN rAvisi xipanuniN tAklifigA binahAn gowyanniN muvAmwAn zoNliyisi ziNpiyAn yuqarqi vUc dOwlAttA rAsmiy ziyarAttA bolux hAmdA dunya viqtisad monbiriniN vikki miN sAkkizinci yilliq yiGiniGa qatnix vUcUn von tOtinci yanwar bejiNdin yUrUp kAtti
304996e7a5394a909438e0b3c5699075,picAkkUl zAhArlik yilini toyuqsiz hojum qildi
1db1cb57fa074000b479b26f6609753b,kegli yaponiya jAmiyitiniN bir qetinliq muhakimiyiGida bu qaraxni votturup qoydi
4d0cdbcc6532498c89cf9aaae390a7c3,zakrus taG tizmisi bilAn kuhrut taGtizmisi virannin kOp qisim strategiyilik nixanlirini qoGdap turdu
b95011e07bf8481fa923891e5d20617b,yllaNiisimikin picAkkUl yzayirlik yelini tuyuqsiz jum qildi
93f3097cb52048ae80d14134b61b7291,daHi vAnisidiki qomandanliq xitap bilindaJGa vurunlaxqan vUxqAwAt yaGac taxtop bilAn yepilGan yAr hastA vOygA vayrop bilan taxliGan bomba minamiyot zAmbrAk voqlirimu ziyan zAhmiyAt yAtkUzAlmAyti
9465345cb48547b8a5bf71b8009aa938,kicik vUn valGini yancuq selip vaNliGucni qula qitiqip qoyup veGizda maGzab qAnc vaynap turup vayanciliq qAdAm bilAn yUrUxliri hAmAliyAttA studentliq vobraz mudisi
1883879b704a44c696c31bd6846a708c,cUnki yapon jangirliki bir miN toqquz yUz vottuzz birinci yil von sAkkizinci sinwAbridA juNgoniN xArq ximalitik vix vOlgisini besiwalGandin keyin tajawuzciliq pilanini teHimu keNAytip bir miN toqquz yUz vottuz yAttinci yil yAttinci viyul kUni bejiG xAhrniN GArbi jAnubidiki logocyaw kOwrUkigA hujum qildi
d364e439752446cabf685b3807aa5e87,bizniN jaGstayniN vitlirini demAysin kAxqurulluqi dArwaza valdiGa ciqip veNikini vikki qolniN vUstigA qoyup mUgdAp volturup ketiduki vOtkAn kAckAngA qawaydisA jimi vadAm tonixidi dAp maqtiniptu Halmiratmu nOwAttidi
d2f2b6b1927840deb51734bdcb20a196,hAr qandaq bir dinniN xArhiylinixi vintayin qattiq vortodoksal metodini tAlAp qilGacqa dinniN HizmAtkarliri bolupmu dinniN nopuzluq pAtiwaciliri vehtiyad bilAn tanlinidu hAm yuqiri vimtiyaz bilAn tAminlinidu
1692bb0cb2fc41de8dedd815f4799e3b,muHtArbay xu kAcisi xaGliqta mAhAllisigA bir bayniN kelinni vowlax vUcUn cUxti
f09b3d7b07ec4691864b2b66cec96365,sAkkizinci may kUni reHstag vUstigAn sowot bayriqi qadaldi bu bAlki veGwador
29304ce4b2684a7a9957465af0d8c31e,bu kiyim saHta wA nacar mAhsulat vikAn suGa tAgsila vONUp kAtidikAn
de05f8b620014c3a9ffa8165978bbf39,picAkkUl zAhArlik yilini tuyuqsiz hujum qildi
b38f06ab7b0a46509350d8ff5de2eca4,sAnnAt qol tAkkizgilA bolmaydiGan nArsA vAmAs vunimu vadAm wujudqa kAltUrgAn wA vOzgArtkAn nArsA
3b0ede0d7937486aa6994e02e151382d,muvalim bizgA makswel viskAndar zulqarnAyin vadam simit bolwar kromwel vawgust planik rentigen varandez pelsop grom qatarliq xAHslArniN tariHini sOzlAt bArdi
240fe8c10efd47129fe5c9556dd20be6,dastanda veli daryasiniN voN tAripidiki yOzikinitlArdin qorGas mazar ciNfANzdA qatarliqlar tilGilinGan
4b1d1fcb29aa4cbeb535274c155f52f8,vular kAxmir rajagrA qataliq jaylarGa berip qAhrwa budanomi xrterisi wA yulGun yoNa vigA bolup vandin vordiGa qaytti
0ee8e943aa3a4590a852290c61733d61,vu dUddUgUlAk semiz vadAm
6589d6c09e6e40239d51281c4811041b,vonsu nayisiniN gulawat yaza vaqostAn kAndidiki yAtmix yaxliq boway nurAk vawutqa von yil burun sAwAbsizla bir kUcUk til ciqqan
47a9d072acec46a0b4ee30101cd5f658,nawa vOz hal rag cAmbiyat pAnjkah muHAmliriGa rAmAl bAhArdiki GAzAllAr sAlinGan
858a8c4cd6e941248241232b03f358ea,balilar kAlgUsiniN yaratquciliri wA vUmidi xuNa vularniN bilim velxiGa xArvayit tazirlap berAyli
ee89da55b3044e169092fb27e4710b97,vu hAr qandaq bir vadAm tAripidin tunuluxqa miHtaj vAmAstur
1e75d6fdd8d44ad29b91764047d71bfe,bu dOwlAt tArAqqiyat veqimiGa mas qAdAmdA vAgixip maNalmay sAptin cUxUp qaldi
525e6871d70340e8b53486ffab652c41,vu vanisiGa boynini siNaryan qilip tAlmUrUp qarap turatti
1070efa2b9d8463cb7baffd3170da3e1,vArlArdiki vOlcUmni yoqatqan turmux mAydaniGa ciqarGan jismani yigilAx vayallarniN GAzipini qozGatqandi
d7a65bff275c40eeb2833f21a3173297,pivoreriniN wAsiyAtniamisigA binavAn biz generalGiGa tUwAndiki vixlarni bejirUxkA hoquq bArduq
7782fba26b4f4e9eade74b14ce2a2ea4,hArqandaq bir dinniN xAhrhlinixi vintayin qattiq vortodoksal metodini tAlAp qilGacqa dinniN HizmAtkarliri bulupmu dinniN nopuzluq pAtiwaciliri vehtiyad bilAn tallinidu hAm yuqiri vimtiyaz bilAn tAmillinidu
4684974fea52469ba87a8980e98e81bb,vonnAccimiz vuniN lAglikini vucrimiz
7b1e026beeed48989a136e2deb3b34d4,sAn mozaylarniN haliNlar coN bolGini bilAn kUnUNla vittim bAttAr
9c67706a74ee42df95753a5e2f00ee24,qiz bAHti yigit degAn hAqiqAt hAmmA yArgA yezilGandAk hAmmila vadAm hAtta qaridin kimHap keygAn moskwa wA vuniN gUzAl qAdimiy dArAHlirimu qizni qiynimaqta dAp waqirawatqandAk bilinmAktA vidi
c35ed36150b14fd591691ade6c70c89f,bu kiyim saHta wA nacar mAhsuluat vikAn suGa tAyslAr vONUp ketidikAn
9f72fc49eb764bcdbd98fc43f4f24a2a,vOzliriki mollaqari tOt musulmanniN valdida cahar xArhi vOmUr birlA vAhAt qarimniN sulbiyA qizi roziHanni wakaltAn vixan damulla beni quddus mAwligA vikki dunyalik halal Hotunluqqa bArdilmu
7ea82c49997441589faa99cc88b6a5d8,hazir qAdAr windos nizamlirida vuyGurcA HAtnusqisi tepilmaydu sani bir milliyondin vaxmaydiGan bAzi minnAtlArniN tili windos nizamda tepilidu hAmdA mukAmmAlAxkA mAlumat turliri kOrUnUp turidu
e16fdcae3bf04547aa760cba2860ffca,mAmlikAtlik HAlq qurultiyi wAkili rugaw xAhArlik komitetniN xurjisi cinHujuwAn tOt muHbirniN ziyaritini qobul qilGanda mundaq dAydu zuNliyniN doklati hAqiqAtni vAmAliyAttin ciqix qilGan bolup venergiyini tijAx sArpAtni tOwAnlitix nixanniN vAmAlgA vaxmiGanliqi qilcikmu yuxurmidi bu hOkUmitimizniN vAmAliyAtcil mAsvuliyAtcan hOkUmAt vikAnlikidin derAk beridu
70c5e0149f37428e93f91a2506b141d5,bu coN wAzirlAr bolsa Horinji yUAnzuN ciyaw weydaw lu yAnjaN yUAncoN yAnA wu valistiklArdin wusAnsi wu yowniN hAmdA HanniN vixAncisigA verixkAn jiwAn qatarliqlar vidi
c5a88cb3066f4ca7b5c309cee655eac9,radoket seniN mijAzi juxqun votgUrAk ziyali baxqilarGa pUtUnlAy voHximaytti
6ecb50643af249d4a15147fc77474af8,xu yili yazda heneri firansiydA vaHirqi qetim borket bilAn kOrUxkAn
22f9738338dc41ea953281949732e566,kArixernissi sUrkAlgAn bir borda capadiGa gopalniN bir waqt tamiqi hesablinidikAn
f1ce146aeb7842caabab7397e89aff72,vanuvato jumuriytiniN diplomatiyA ministiri jorjswers yigirminci yanuardin baxlap muxuvayniN yigirimA bAxinci kUnigUcA tAklip bilAn velimizdA ziyarAttA bolidu
a0755e329fa54003a441a25f6c678f10,germaniyA berlin san jozef doHtorHanisi yeNi bir Hil dawalax vusuli yAnA valahidA yasalGan semot vokulni suNAkkA kOrgUzUp suNAkkix halaNlxix gUsUlini dawaliGan
15802d83efe44a44a0f61e0fae350d94,soN dAwridiki vordi tewpi waNHuwAyin qatarliqlar tUzgAn resiplarda kesAl dawalaxqa vixlitidiGan vUc Hil vusul tilGa velinidu
94a9f1ac80c14470988470da9995004e,yigirmA toqquzinci viyunda sOwUt varmiyisi hujumni kUcAytip wetebeski wA bubrUskiydiki dUxmAnlirini yoqatti hAmdA porxyani vazad qildi
b8799db2cfa6430f96f43d97d279a312,sowit donsuli yUwsfqa vOzimizniN pikirimizni yAtkUzAyli
d13e7adabb764fe1a371c6f70676a9e7,wikbik xAhArdA volturuxluq pop caris GayAt zor bir paraHutniN deNizGa cOkUp kAtkAnlikini cUxUgAn
da74f12c851f4a86aa322c0331c7ed00,hArqaysi dOwlAtlAr kAynA kAynidin vilan qilGan yilliq maliyAt dokladidin vayam boluxicA Halqara nefit bahasiniN sejil vOrlixigA vAkxip yeNi yuqiri noqta yartilip viksmonf stron konfer qatalliq vamerikiniN nefsaziki bu vUc coN karHana yAnA bir qAtAm payda verix pursiiigA verixkAn
81f1066de87244ecba0fd109f8d9ef26,mAn bAkrA kOrgAn vaqsu kuca qatarliq xAhArlArniN bAzi kucullirida baxn vaHiri paixHanlar yamrap kAtkAn vularniN Heridar caqirixtin vata bala bir yArdA maNGila bolmas bolup kAtti hAtta mAn kucada vata vAlmix hOsini tUzAx vorniGa toluqsizniN voquGu ciq balliriniN kirUp sozilixiwatqanliqinimu kOrdUm hAmmA buzuqciluqlar mux yArdin tarqilidu
1c12e1311a234e1b94359674cb9989a7,bu vitodniN tili yomurluq hAm vOtkUr bolup hAjwiyliki nahit kUclUk
15b84a819b43495f9754249bf4929539,cewrAklArniN tUpxaHiliridiki hoGralda qorGuy kOkinAklAr vucuruqraxti kAttArlAr cUpkUk yasman qAridA gUl ciqirip pArwaz qilixti
7fa66379a7ad4deca999a01b2c66e8e8,tUlkilUk qilip hayat sUrgUncA xiranA sOwlAt bilAn vOlgilAk
3cb82a470686458db6f9c13da95ff877,bu vitodniN tili yumurluq hAmmA vOtkUr bolup hAjwiyliki nahayiti kUclUk
8de06c43903e474693c185344a0c3fc4,vamerikilik pisiHlogi masliwiniN qarixicA vular vinsanniN mahayAtlik yaxax tAjribisi bolGan sArsanliq wA makansizliqni coNqur HAyrhahliqqa wA viztirapqa tolGan vawazda bayan qilidu
3af6c956a6614225be1082d1e3da9325,vuruxtin vilgiri lodizda mantyur bolup vixligAn yax vAtrAt baxliqi telegrafci wAtAngA vasiylik qildi wA vAskArlAr varisida komunistik tAxwiqat yUrgUzdi dAp hAyplAp vetixqa hOkUm qilixti
cd500e10de8c4ad88ba46fd18918901f,bir miN sAkkUz yUz vAllginci yildin bir miN sAkkUz yUz vatmix bAxinci yilGicA vilgiri vaHiri bolup coGlanma lampa qatarliqlar yasaldi
0076cb9870b6416ebff65499760a4d08,voGuzlar jAyhundin yuqiri cinGica bolGan yArlArdA yaxiGuci tUrUk qAbililiriniN hAmmisini cegil dAp vataydu
04eb21dc74854523ae657d341914ac6f,vuniN voperasiyidin voNucluq ciqqanliqini kOrUp vac seNliliri Huxal bolup kAtti
341dcde0da6b47e5aa7b307bfff0f3be,bu sizniN qAlmiNizmu mAn vUstAl vastidin tepiwaldim
edbec5643637463c9582d813a2a4e656,bu xAhArdA dAmAxiq kolombo vaNkor baGda bankok xAhri fez Hartom xitabi waxington nyuyrk san fransisko sayavAtli qatarliq xAhArdin kAlgAnlAr bar
48568d321d41458ebc2c376aafad0e1a,kONlUm toNlim degAn gApliri mAxAdA qalitu
2479512663214e22bd2c0532e4a5fa56,heqinda lasa xAhrniN jamavAt HApsizlik tarmaqliri lasa xAhirdiki yecUwAn kiyim kecAk mAHsus setixtUkkUniGa votquyux tilosidiki jinayAt komandari bAnjinniN lasa xAhirniN sajiyan hayisidin ikAnlikini veni qildi
269b88ace4664f44b4796b0503734b47,yoldax Hojunta pUtUn mAmlikAttiki hAr millAt HAlqini vittipaqlaxturup wA yetAklAp diNxawpiN nAziriyisi wA vUckA wAkirlik qilix muhim vidiysi vuluG bayriqini vegiz kOtUrUp vilmiy tArAqqiyAt qarxini vottura qoyup wA vizcirlaxturup tUrlUk qinciliq wA HemHAtArlArni yeNip ciqti
b6d83b8bbdaf483f932451e1a0c54607,bu kitabni tUzUxtA meni qolliGan valahidA yardAm qilGan zor vilham bArgAn muHtArjan yaqub muhAmmAd kerAm vismavil qatarliq dostlirimGa xundaqla kitabimni yaqturup voquN barliq voqurmAllirimgA cin qAlbimdin rAhmAt vetimAn
c6db241071b2441ea29960e911a836f8,bilayasir yizsta muzduzGa xagirt bolGan fumcof hayajan bilAn meniN yUyjini vOltUrUxUm vAlni voyGitix vUcUndur dAp war qirdi
7f014af1c634405e8cf25b8c2684dc64,vortaq bolGanliki sAwAblik hAr birsiniN vayrim bir jUzviy hisablanGanliqi vUcUn hAr bir sOzdA vikkigA bilingAn wA hArbirsiniN hAr vikki jUzviy zatiniN vasasini tAxkil qilGan bolatti
8200f2a78ac542c1a8889839d9bd4c45,vular vAr Hotun vikkAylAn heNdili Hotuni bilAn vikki hAr ras tArjiman sUpitidA piN vApAndini caqirmisaq bolmaydu bAx biz vikkimiz bilAn qoxulup vAytawur bir vUstAllik bolidikAnmiz
ebd7ba24596a4342b1e6c685326e3763,bu tamGa bax nazarAtcisi valya kemassaniN vikAn
10e74a70b20d47f383a9e866003dd7c4,vUjimA dAriHini kOrUp yaki mewisini yApcUx kOrsA kixilArgA paydisi tegidiGan saHawAt qAHriman qAysAr qAdrilik bayliqi yetip vaxqudAk dArijidA bay boluxniN bixariti dAp qarilidu
1b2b2af3886641768a1a53a09049db1e,vot degAn votunni sili pUf deyix varqiliq pAyda bolidu
ab835326b4634a1b8c4a006c765a5240,birawlar marixar vAnjan temidin birawlar dAd vAlimidin tUf dedi
7af43618011a4433b1f8615cd0dd1f6a,tAklimakanniN qoyuq qax kirpiki vornida yaxurip turGan tUniki vormanzar yexinliq bUgUn kona HundanniN kUl tartidiGan gUlAh HanisiGa voHxap qaldi
e7e6834964434d4da74bab3c38507bd4,mAxrAplArdA bar vixqi vawazi bilAn xavirdin sUyinUp kompozatorlarGa barkanla vetip naHxa tolawatqan naHcilarni kOz valdimizGa kAltUrAlAymiz
66271df476d04e7e9b5d0d4ae39dfe31,hAmmidun burun yAwropa juGrapiyA sahAsidiki nopozluq vArbab birlin vuniwersitetiniN professori ferdinatwunJwalskiniN lopnor kOli hAqqidiki bayqixiGa bolGan gumanini votturGa qoydi
4e3023419fa14d92a0ec11bc2434389b,rojestua bayram kUni kAzixi vespkop muzatni velip vatariwisi bilAn weybirniN vOyigA barmaqci vidi cUnki bu kUni wAybiriniN vUyigA nurGun vadAmlAr berip bayramni tAbriklAxAtti
f2d9afdc75964ce1ac327f95fbfa41d6,lejiNruy vApAndiniN maqalisidA mAlum boluxicA yaNjyaN vApAndiniN serwantistAk varzusi boyicA xundaqla donkHot namliq romanniN yAwropadiki bAzi tArjimi nusHilirini vOrnAk qilGan vasasta romandiki baplarniN bexiGa yelinGan
0fa7bc9a04d14de7986a24ba710af153,vAjzadlirimiz burundin valton yeptA toqulGan zArkiim qizil boGu terisi qizilqom xUyUn vipar kUrkUmgUl suHi zirawAndi qarmuc biba tax hAsAl cUcUx hAsAl coNcilan parpa helilA pUcUk qap tUz doGi seriq mArgUmUx qatarliqlarni vixilitip kAlgAn
cf03ccf21dd64c68855406de2a0f767a,keyincA faxiyAn bilAn xwAnjoN budda vAqinliri wA budda nomlirini vizdAp GArbrayonGa barGan
ab1d23b54ea0497fb0df5d3a2179992e,vebni nAdimu xivAlArniN vAlfrsit namliq kitabida ular bilAn bir yArdin ciqidu
fde761cb89514e7b8865439a080e5d11,yogyakarta vaydromida boxluq tAkxUrUxUxkA qatnaxqan bir valiy vAmAldar sirttikilArgA mundaq degAn
df7dce8016734bc6a753ed6adb9a13aa,meNidiki buzuq Hiyallarni taxlatquzux meNisini kUclAndUrUx vUcUn mAjuni nujah Hemri mArwayit mAjuni muqAwwi qatarliq dorilarni vixlitip berix kerAk
10ca86edd7e849a2a96049b74d1425b0,xuniN bilAn vu top toGrap pAlAstingA besip kOridu wA jaffaGa tuyuqsiz hojum qilidu
4c863312eca1449f8326467b5a636146,hAzriti vixan fuNgi HAlpA qelicHanni dunyadin yoqitup bolatHanni vuniN vorniGa tipkANlar dAp vuyrup qiptu
e80b089c9a364bf1a48e4205ceff8d00,pAhliwi hakimiyitniN GArppArix siyasiti xivAlArni yAnA bir qetim veGir voNrusiliqa vucratqan
bc655483aabc4ca89680db7ca6a0c830,diyarimizda vAlmisaqtin dawamlixip kAlgAn HAlqara hepAk yolniN Haraplixixi wA vuyGur rohitidiki bikin mahalAtniN xAkllinixidA vappaGoja wAkillikidiki hAhtum vAzAm vAwladliri biwastA kOrUnAnlik rol voyinid
4d922b791ee941a0b82ae7840dd467d7,bu wAqA kOrUlgAndin keyin vaptonom rahayonimizniN vormanciliq jamavAt HAwibsizlik tarmaqliri yUksAk dArijidA kONUl bilip valtay yawavatlirini vaptomobil soqup vOltUrUx diloliridin yipUci bilAn tAminligUcigA yigirmA miN yUAn mukapat birix vusuli qolilani
ce40fc204c864a1cb7bb78ea747552f9,vular vArHotuni vikk vAylAn heNriNli Hotuni bilAn vikki hAr hast tArjimAn vUsUptidA pON hApAndini caqirmisaq bolmaydu bAx biz vikkimiz bilAn qoxulup vAytawir bir vUstAlik bolidikAnmiz
fdb861954f2a4febaa8454376e08d695,bu tamGa bax nazarAtcisi valya kamastaniN vikAn
b5747e820ab343378b0915af9d4f24f3,vuniN sOlkitidin biz vuniNGa mujAssAmlAngAn HAlqimizniN vAqil vidrak vucqinlirini qantAr vUnjilirini hayat mANlirigA bolGan qizGin vizliclirini hes qilalaymiz
ce0bd4fd714244cbbe363069c8f90d49,qaraNGuda deqan vOygA vUtUmtut colpan kelip cUxti
972da29915b042bdaf3b85d527281648,general fafton sowet wAkili bilAn yAnAvAngA birip judi bilAn kOrUxkAndA vstalinniN mAHbi nazarAt qilinson degAn yolyuruqini bArdi
04bfce651d6546408fe0eea2890de802,von su nayisiniN gUlawat yiza vaqvOstAN kAntidiki yAtmix yaxliq boway nurAk vawutqa von yil burun sAwAbsizla bir kicik til ciqqan
ac860b09c74544c4bc2ba44742de771e,dadam xu kUni soyGan kaliniN gOxini dOndUr valdiGanlarGa vAtigAndilA setip bolup yandiki kAsiptaxliriniN dukunida vularGa yardAmlAxkAc cay vicip paraNlixip volturatti
14c23acfa85d4131b161edaad0577cad,yuGur tilida keGdA qawun qalmaq cAnto tOmUrci qatarliq vibarilA bar
53c43931fad4491e9b7a2d5261f4abe4,bAx yUz vAllik valtinci nomrluq qaruxticA pUtUktA mundaq bayanla bar burux baldurqisi secqan kUndur bu kUndA nemilixqisi bolidu hAmmix HAyirlik bolur
84b29b0dee3a4ea094486b8d47ad3106,vular baxliriGa qara rAHit voruwaGacqa HAlq vularni qara sipAxlAr dAp vatiGan
8d3e36bf16c04a48a6758b69dc7e87e8,maxinniN kuzipi quruq bolup kOkkA mayil sirliri vONUxkA baxliGan vu maxinlarniN vixlitilginigA Heli bolGanliqi hAm bu yollarda kOp maNGanliqi bilinip turatti
4bb27093a52443c4afc595b4e982eb83,sowut vOktAbir viNqilawiniN tAsiridA bizdin burraq voyGanGan mArup sAydi HAmitsAydi Hellil sAtari qAsimjan qAmbri qasimjan qismiti damwolla razi teybizad turaHinqari rAbiq vabiydiy qatarliq kon yeNi ziyaliylArniN vAsArliri bu kezittA vilan qilinGan caGlarda kixilAr vuni qoldin qolGa vOtkUzUp vAtwarlap voHuxatti
d393b01a1c80450a93b2f46e1bc3e5a7,kasin tArAr HArfA kAxnez wA murAkkAp dorilardin xArbiti sAndAl vArAji kafor qorsi biya xArbiti mAtibi HelilA viskAnji bin qatarliqlar berilidu
0e62a7d5e44341478d2bc27ee0499112,kONlUm gUltArgUcA bolup bu gUlxAn rAyhanzaridin bi hesab Huxupuraq gUllArni yiGdi
14d35f0a8d4144759dccd9611b20f0c2,qulaq seliNlar janablar mAwjud hOkUmAtini Golitix GArizidA maNa suyqAs qilmaqci bolGan vUc vasiy juN tawminyU lixawtiyAnlArgA vOlUm jazasi berildi dedi xiNissAy qollirini varqisiGa qilip
ad3002cab36440c1a3412de4785831e0,sAkkiz jayda vanaGay mufucufen qatarliqlar vordiGa volpan tapxurup qudulixni yAnA tAlAp qildi
01027ca7e47a4a40aea48158f0ec76af,taxqirida soGuqniN xuncA qattiqliqiGa dArwazi valdidiki vikki tUp xAmxatniN qarmiz bilAn qapilinip kAtkinigA qarimay zal gUrkUrAp kuyuwatqan hollancA mAxniN vissiqidin wA partiyA tAxkilat caqirGan maatAmyiGiniGa qatnixatqan valti kixiniN teniqidin vissip kAtkAnvidi
7ebe8ef72d264351ba9418614b63f508,sekritar sAlAyjanniN gepini bOlUp vornidin turdidA valdinGi qetimlarGa voHxax yUzligA may cepip gAjgisini mujup qoyuxni kUtmAstin boynidiki lONgi bilAn Halatni yexip taxlap talaGa qarap maNdi
d2a955df507640ddbd43ccf6f7954a9b,solun vargosniN kirim bilAn biton vikki qerindaxi vAN bAHtlik vular bayaxat vavilidA turmux kAcUrgAn qabil volimpik tAnArikAt yiGinida mukapatlanGan vularniN kUyUmcinliqta daNqi ciqqan
3b3f376ef37b4069b23cabd03f0d49e7,wyetnamniN dOwlAt rAvisi rAnmiNji von toqquzinci noyabir paytAHt Hanoyida yiGinGa qatnaxqan rAhbArlAr vimza qoyGan HaniGuy qitab namisini jakarlidi
7b04cc4e8aeb4d69a7f8695d6b5cd137,vAyciN jejyaN vOlkisiniN jinHua nayisidA pomuxcik vavilisidA dunyaGa kAlgAn
91558020039a45f88ab5d46770ce50f8,baxqilar vuni tAjribiHanida zAhArlik dora yasiGuci HemiyAkkA voHxitidu
9ca9075e38c9421abe038e1371acfb03,balla kAlgUsniN yaratquciliri wA vUmidi xuNa vularniN bilim velixiGa xaraviyt hazirlap berAyli
587392c0b466470598851b2eeae935a8,bu suqAtcilAr vicidA gestaponiN jasusi weNgrlid vubrig bilAn vulrih bayvidi
bf65d4c3785c4f1dbd0a380c278f261a,vAr hOjAtni velip bir qariwAtkAndin keyin mawo leHuNdiN degAn qandaq bir nemAbu dAp GAzAb bilAn towlidi
2375291d61694cefb4ddc12b6c2f48e3,jaNHuN vANgeliyA gilaskow vuniwersiteti viqtisad wA baxqurux vinstitutinniN tAtqiqAtcisi vidi
41eceec27956473ab0eca60e4fa49118,balla veGiz baxluqi bilimidA davim bir yax vAtrapidiki balilarniN soski yiGimdi kesAnlikili diripta bawanliqini kOrimiz
124be9dc1f1c46ec8b1b2e734a957005,HilmiHil mArgizi neriwilarni kontrol qiGuci dorila mAsilAn fentovin natri fenobarbital meprobamat dorisi qatarliqlarni sUt varqiliq bala qobul qilGanda baliniN vuyqisi vazlax bAdAn veGiriliGi tOwAnlAx hAtta qansirax hadisiyliri kOrUlidu
92bf66c5dcb14116b12197b83d38beaa,mAsilAn xaptolni vartuq vistemal qilGanda qizix qosaq kOpUx vitihasi tutuluxni kAltUrUp ciqiridu
a43a2139319f4cba87ef763f0b5e05bd,varamgardiki valtun kOmUxlArni dAp sidam nAqixlik vyigiz karwatniN paciqiGa baGlap qoyulGan qariqAnjoq valmasni sizip qelip guya vadAm yAydiGan vAlpazda yolqunup qawaxqa baxlidi
a6e9c01c730847399e802af8fcc0a0dc,hindustandiki nehro jAmAvAtigA voHxax botto jAmAvAtimu pakistanniN siyasiy sAHnisidiki daNluq jAmAt vidi
8e7a02ebd5a44b63886c1fd3a2901b45,vAmdula qoyax kirstal venergiyisiniN tAmini tetiGanlar vAlwAttA buniNGa vunumaytti
c7d9f31982da4ecc87612740f9992c0d,maqtax sOzliri Huddi bahar xamilidAk vuniN qulaq tOwidin kAtmidi
ab9c69ed196a4bbf8ea3c7d1494b46b8,vesimizdA bolsunki vuyGur qizliri yAnA muxundaq qiliwArsA vAHlaqsiz xArmiy hayasiz vippAt nomisini qAdrlimAydiGan qizlar yAnA kOpiyi wArsA veniqki vular bizni qabahAtlik dozahqa baxlap baridu
b3635596fb9e407992e3f75f6fc4bf74,pAlAsApA kitabliridin vUrkUp kAtkAn qollirum vuniN waraqlirini vasta vecixqa sezimini yoqitay dAp qalGan kOzlirim qurlar vUstidA hArikAtlinixkA baxlidi
5e4f2d92bc1e462693250e06bdcb84e5,vucur dAwridiki tariHiy tAtqiqat herodot wA simacAndin tartip baxlanGan yazma bayan vusulniN dAl vAmAslikini kOrsAtti
c8a01b07ffeb484fb8b4c20d3bb301a7,bOriniN howlixini cUxidA kOrsA mAhbus vayanlarniN yiGa zar qilixniN bixariti dAp qarilidu
b39061480b734870a7a214aff073ae5d,lebori bilAn paradino hAydigAn braziliyA vawivasiyA sanavAt xirkiti yasiGan soda vayroplarni madogrossu voblasiniN vazewedoGa yeqin
98b36e93d4d04811bc58f3b6652e6d49,maddiy xAraviti muqum bolGanlar vOzini mAniwiy jAhAttAk kamalAtkA yAtkUzUxkA vintilixi maddiy xAraiti nacir bolGanlar vuni vOzgArtixkA yaHxilaxqa vintilixi vular vOz varab bir biriniN haliq yetixi birbirini cUxUnixi vandin bu jAmiyAttA birbirigA yardAm beridiGan bir birini toluqlaydiGan vinaqliq pAyda bolup jAmiyAt mukAmmAllixidu
2965bbec0b094d599a06c663b10e2a3e,yeNi qanun vilan qilinsimu yolGa qoyGulux jAryanida kOpligAn yeNi mAsililArgA duc kelidu wA bAzi mAsililAr saqlinidu
ca4f649f217d4372bee04ef4645e1bc3,bu dAwrdA vosman vimperiyisidiki vAN muyum vijtimavi visslahatci vaqartix mutAppAkkuri filkaxAyHul vislamniN pAtiwasi bilAn dini HarAkter valmiGan kitablarni nAxr qilix ruHsitigA verixti
72f19a96148c458794d27b7d2e4d8f35,vatlit bir qizniN qolini muwappAqiyAtlik voperatsiya qilip saqaytip hindistandiki mAxvur xAHsikA vaylanGilir
5c7aaeab960a47e3830cda78bbaa11aa,velektr ciraqliri qAdimki yatnamA tAwArrUk buyumlar tizilGan hujriGa nur cecip turatti
b481664e4b544f0790da985e6a67129b,lopluqlar coNqur yArni gUn dAp vatiGacqa beliq tutidiGan tornimu gOlmA dAydu vular dAryaniN coNqurluqi qarap dAryani gUnci gOnci kOnci dAryasi dAp vatiGan deyilgAn
95830d61996e4d87836bb45f716750b9,veGiliNniN varqisiGa vOtkinA kelinliriNni marap kurusqa cUxkAn vittAk nAccisi yatidu
17af55accf404732815284d749d26add,Huataw vApAndi vOz kitabida burunqi tAtqiqatcilarniN tAtqiqat nAtijiliridin baxqa vislam vaptorliriniN huddut vAl valAm qatarliq bir qism vAsArliridiki munasiwAtlik mAzmurlarni selixturup tAtqiq qilix varqiliq mundaq yAkUn ciqarGan
1de4692c988248d983ac941149ecefb7,vaHirqi padixa biNjuni tatquzup qoyup vorda vAmliniNkigA voHxax muvammilidin bAhriman bolGuci Hex yuN vAnni tUrUklArgA tabar Haqandin yardAm soraxqa vAwAtti
258e262e516b4fb3b2bbef0813dd5258,biraq bu waqitta yAnila vuzuqluqniN tANpuNliqi wA hAsm qilinixiGa diqqAt qilix coNlarniN yemAk vicmAk qavidisini pUtUnlAy qolinixqa bolmaydu vAtigArlik tamaqta balilarGa mayda pixurulGan piltA qoymaq poxkal qatarliq nArsilArni berixkA bolmaydu
66ddd813424c4c78ad926f691d1c57bc,bu san vantiwerpen portiniN yUk siGdurux miqdariniN vexnisipiti bilAn silUxtUrGanda kOp vAmAs
e3f9be3bfa264b6883fb3b3c2b684d27,zAmbUrAk voqliri bAzidA huwlap vOtidu yAnA bAzidA yeniGila cUxUp wiJildap birqirap vandin dAhxAtlik partilaydu
c33b0288e9fa4f918c18b714948ec870,vular caqcaqnimu hAHtadiGa yAtkUzUp qildi
9d1bfc6aa95b4a87988ec0b319ee4c5f,hazirqa kUndA tepilGan maniy diniGa davir kitab hOjjAtlArdin yoruqluq wA jahalAtni xArhlAydiGan kitab hAmdA towa vistiGpAr durtliri dorigArlik kitabi palnamA qatarliqlar bar
e07d9ebc15fc4acfaa2c1a3fbc9bea12,vadAmlArni tosupmu tAzdUrgili bolmidi
52e36a91686c4060b2db26d863e5f8bb,vixniNki teHnikiliq saliq mAlumatida vOzgirix boldi
1fa750c55198422ab6c012863b454a1b,sAn top mAstanisi coqum kOrUxUN kerAk
dfa6005f4c6040b1921f3fb171ce5095,bu vorun qAxqAr HAlqiniN qorulux binakarliq nAqaxliq sAnvitini namayAn qilip turidu
1e1c9ad4844145c9b18ac18746b2d986,bundaq boluxi vUcUn coqum xAhArlAxtUrUxniN viqtisadiy tArAqiyattiki rolini voylixixqa toGra kelidu
a0d5e6be5e1b474e87c9d01bb7d1700a,kUclUk quyax nuriniN cAkixidin kOzUmni vacalmay qaldim
67e68036a6a04f0fb47e90d2d63fa4bd,Galip kAlgAn taxpaqa colpanGa vaylanGan
4c04e2aa069043148206d35b85e50228,bAzi mAmuriy vixla hOjAtliri bar vidi
a599e3ef38544bde934a9eb4c8936eb5,bu yigit baxqa biri bolmastin dAl bUgUnki varman soda cAklik xirkitiniN lidiri radilApAndA vidi
9e8e06d4282948db9b9cf4ce30cc4af0,vular yeNi vOydA qizi batqan poloyAp juluqay saryim valmisi wA sApAr vaHunniN qolida cixqan xerini tAmlik gulawa jaGdiq boGulliri bilAn mehman boluxti
30995939171e4a2c8476b40a7bc4ec5e,vuniN vaGrip qaldim dAp Han hozuriGa barmiGanliqi qAstAn vOzini qacurGanliqi bop hesablinidu
f65aae2cc2c84460bd5b59ca74923c72,xavirniN poliGa zar ciriklAr bAtHAxpipAk yortida noruz qatarliq dastan hikayliri mAmlikAt vapnom rayon dArijilik vijadiyAt mukapatliriGa verixti wA vuniN munAwwAr xehArliridin tUzUlgAn dehqan bolmaq tAs namliq qapliq vunalGu limpisi nAxAr qilinip nAccA von miN musHa tarqitildi
d3b9204a2dba478ebe793aadabcdaefe,bu vitotniN tili yumurluq hAm vOtkUr bolup hAjwiyliki nahayiti kUclUk
7ef190fc73364e2ea634a3fc8db3b27e,vuniNdin baxqa qasulGan qamiyjan vabdUxkUr muhAmmAd vimin qatarliq tAnqitcilArmu poveziyA proziciliq dramatorgiyA vuyGur keynowciliqi qatarliq sahalArgA beGixlanGan vAdibiy vobzor tAHriz tAdqiqat maqallArni velan qilip jAmviyAttA bAlgilik tAsir qozGidi
6499ab916686475eaa9851046cd76486,mAsilAn xaptulni vartuq vistimal qilGanda qizix qorsaq kOpUx vixtihasi tutuluxni kAltUrUp ciqiridu
808b0659d63c4e008c82f9cb58e6067f,penxibaw zeNgwaliN qatarliq vOstUrgUci gormonlarni yupurmaqtin tUrksA bolidu
2c815b3912574e39864cbd8b98ba6dc5,muHtArbay xu kecisi xaGliqtan mAhAllisigA bir bayniN kelinini voGlax vUcUn cUxti
45d7d664338546599598ae2a93b4aaf3,mUxUkniN kAlginini kOrgAn caxqan huduqup qacti
6b3b8f6f9303484d8da74213bf5837e2,bir kOt jaqqanliq bilAn cUjigA vetildi
c4ff3e3637b8446faf9d004eafc1d5f0,hazirqi bu birnAccA yil dOlitimizniN vislahat veciwetixni yolGa qoyuxtiki halqiliq mAzgilidur
246e1c260a2c4e5d94a1ba414675043f,qara vu nemA degAn yenik vOzgAn hA
561c44192fc042de8f107a784e8df9b3,sotsiyalistik wAtinimiz kUndin kUngA ronaq tepip kUcAymAktA
c7ec8064c54a4c509b2fcdd0570d4d32,vu sinipimizdiki birdAn bir tajig voquGuci
ac854473df644f09bf91a57da6656108,vexit muxu jUdumda tamaqni vissiq yawalsaNcu kaxki dedi vana qolidiki yastuqni qoyup lONgA bilAn balisiniN yUzini sUrtUp
2ac0cf3b36384237ae0babd109f687b5,vimam vAlfAHiniN toluq vismi vAbu vabdullah muhAmmAd vebin vOmAr vebin vAlmuhAllAt bolup tAHAllusi pAHrdin vidi
3623cb70cfe04b12985e417d9c3f066b,vu vUrUmcidA tamajuna vidarisidA bax tAxwUrgUci bolGan yedilarda gomindaN hOkumitiniN sowucitpaqidiki konsuli bolGan
6edb1a597f2442989ce38faccadcabbc,karawatta yetip Jornal kOrdUm
ccf5c7ce26ea470895036f12e074e9f3,vAmma vuniN tAjribisi vancA kOp vAmAs
fe097ecc67fd45b7b2fe2538243ad785,Hojaniyazaji jAnubiy xinjaN vamalliq saqlax garnizoniniN qomandanliqiGa tAynlinip majoNyiN bilAn vurux qilidu
f94aec68ded2434f8e4840343a7602dd,qitallar tincitiwix waqtida wozitiyAn yaw yunzuNniN talantini bayqap vuni sumruG saryiniN yandax bAglikigA vOstUrgAn keyin direnjeNniN bax wAzir qilixqa bolidu degAn tAxAppus boyincA vayal padixa vuni Halliq muvAkkilligA tAN vAmAlgA vOstUrgAn
9656d019ae874bd6ad6b820c72ddd8b3,vamerika qoxma xtadlar vagentliGi bilAn zogbi tAkxUrUx vaparati birliktA vilan qilGan tAkxUrUx dokulatida kOrsitilixcA vamerikiliqlar barGansiri juNguni dost vAmAs vAkscyA dUxmAn wA riqabAtcimiz dAp qarawetiptu
a72bc8b46699410fb7370367709dc1b9,bu vikki millAtniN zidiyiti baxtin vaHir tUgUmidi vAN vaHiri yAnA higrada partilidi
af65aba35c444438a86d3f5bfdb74108,sultan vAbu sAhit mirza bir miN tOy yUz vAllik sAkkizinci yili paytAHt hiratni qolGa kirgUzAndin keyin xahruh wA vobulqasim baburniN vArbabliri wA yeqinliriniN mal mUlkini musadirA qilip vOylirini hAr jayGa sUrgUn qilGan
29709ea285304919a73d7475ceebeba5,vularniN tonuxicA vaqqoza navojuz toHti yultuzini vinsanlarGa hayati bAHx vata qilGuci vilahiniN bax kOtUrUp ciqqan kUni dAp qaraydu
66824d182eef41e0a6ced7a81fe17cc3,fransiyA tAnArkAccilAr jAmvivitiniN rAvisi dawid tAnArkAccilAr tenixliq mehribanliq qatarliq qimmAt qaraxlirini yAtkUzidiGan vAN yyaHxi bax vAlcA boldi
9e658be68aaf4a72844359f41911c008,bu yil kobdo vOlkUsi juNgo xinjaN bilAn dostluq munasiwiti vornitip valaqidar hAmkarliq keliximi vimzalandi
8608603f409543b99c0df6243b275845,yUhAn sulalisi dAwridA vuyGur hArbiy tewip yUjlanci qayasicwAnniN Hijudiki diyawyuxAn teGida buyruqqa binavAn turpan dorilirini yasab qoxunidiki kesAllArni dawalGan
cd5b129f6e3a4318998e39b59878f1ac,zAhArlik vOzUmlUklAr tArkipidiki zAhArlik maddilarniN tUri HAli kOp qolup vasasliGi vorganik kesita vOsUmlUk vixqari floriz vefer qatriqlarni vOzicigA validu
321d6bc8eae649e38e61b67f74eda43f,HAwArdA veytilixcA viran hOkUmitiniN vismini vaxkarlaxni HalimiGan bir vAmAldari vikAptA vilgiri vikkinci tUrmidiki bir yUz vatmix tOrt sintrofogni vornitip boliduq dedi
e87d3ec33c264dc9914aebe1ab511fa2,vapelsin postidin bAxgram qoNGuraq gUldin bAxgram velip qayintipissA yaxanGanlardiki yOtAlni dawaliqila boldu
e502863420a347189e63409d103675d0,moNGuliniN kobsogol vOlkinliridA kAlkUn vapiti yUz bArdi
24c5b1bd5f9f4846bc9616d1616666c0,bUgUnki kUndA vallaqacan vAyiplAp sesitiwetilgAn bundaq qaraxta hAmmidin HAwArdar bir vArbabniN sOzi vasas qilinGan
116d573fb7e34f8d9f6e298ada8329a5,jan dil bilAn HAlq vUcUn HizmAt qilix vasasiy mAqsitini hakimiyAt yUrgUzUx vAmiliyitidA teHimu yaHxi vAks vAttUrUx xArt
c2a4b952235b4ea5a7572daafa83b418,buniN bilAn vaz simmuluq vinawAtlik qArz pul berix wilayAt davirisidA tizla qanat yaydi
52212572320443c798cf40a5b66f46e2,dukanda nArsA kerAk yeyixkA bir nArsA vicixkA bolmaydu
149bc1fec23d4152b0b2019f8267df8f,qAdimdin bUgUngUcA hecqandaq pilanita kixilArniN deqitini marisidAk tartip baqmiGan vidi
5177f61a8c76486b8f2eac1876264370,mAmlikitimizdiki guguN Hansaryimu dunyaGa daNliq sAnvAt muziydur
6078fbfd529a484581b21299cf90c05f,pUtUn dunya HAlqi mANgUlUk tinxiqni qoliGa kAltUrAyli
f1024a4964c74f20a3427a0b111527ec,vikki miN vikkinci yili vUcinci qararliq vorman bArpA qilix tamamlansa tAbivi vekologiyA tosalGa bAlwiGa tixAkkillinidu
c75d9ca42c21440680ab74f759a7f454,deNizda mayak bolmisa kemi nixandin vadixip qalidu yaki Hadritaxqa soqulip ketidu
61020268982e49c9ac2e299130dcc3bc,yAnbu caGda veysin sAncA socniN qarixi qandaq degAn soval bilAn daraNGa cOcUp kAttim
25e8a0ce543e4593b2de567f29824c2a,vuniN yArdin vikki gAs kOtUrUp yassiGan yaGac vOyniN vOgisigA ciqip qarisa tOt vAtrap vucuq kOrUnAtt
dc0d0978cb66441181bac44c3fc7f806,bu baliniN yetilixigA tAsir qilipla qalmay xundaqlar baliniN qAlbidA nacar pisqiqA tAtir qiyp qalidu
3509691ad4f849bcb3f8badca7b6d52a,bexqvAdAm ziyali rAhbAr vAsAd vsaqup xulayAt viNqilawi mAzgilidA xinjaNni HizmAt vixligAn
98f9ed50a0094951b882a0ae2de673cb,bu yil yigirmAsAkkix yaxqa kirgAn juxwaki vAslidA vamerika varmisi qiriq vUcinci sapyorla rotisit vixkAn
24e23c2726064c9ab6ed8e8810cf92c6,vimam vAlfAHiriniN tuluq vismi vAbu vabdulla muhAmmAd vebin vOmAr vebin vAlmuwAlAd bolup tAHAllusi pAHurdun vidi
1f330ef93a5945d081de184bb20ec3c0,millAt gAwdisdA mAhkumluq rohsizliq cUxkUnlUk nadanliq qaxxaqliq tApriqicilik qanavAt koyluq xUkrcilik hAsAdHorluq HoxamAtcilik zinaHorluq villAtliri veGir
0383d0009328417b8da08957de4c7a35,jyaN wA vuniN sawaGdaxliriGa nisbAtAn veytqanda kommunizm bolsa bir qutuldurGuci vu yapon valwasliri wA rAzil gomindaN hOkUmran grohlirini tarmar qilixtiki vamiwiy hArikAt
6bad784cbed24180ad174a85536ce322,Hojiniyazawji jAnibA xinjaN vamaliq salqax garnizoniyiniN qomandanliGiGa tAynlinip majuNyeNi bilAn vorux qilidu
790bb4caf30c458f94defeef0e6bcaae,qAwziyAt kesilikA giriptar bolGan kixilAr vuzunGucA hAsAl vistemal qilsa vUcvayni zizliqlaxturup tArAtni rawan qilidu
4359049d88f849b6a6beefd7a2a0921f,jovellAy zoNliniN roliGa ciqqan bu vartis rolni bAvAyni vOzidAk vaptu
c3d68adcaedd4562bc5ffc9168819b72,vaq kONUl mehnAtkAx HAlqniN cidamliqliqiGa vUmid warliqiGa GAyrAt cijavitigA vilham berilgAn
238492d6144d400e9ec5a75f43d755d3,saqciGa waqtida mAlum qilGacqa bir qetimniN coN vot vapisidin saqlinip qalduq
27f6eb189e5046ddb814339a0a2a3a6d,mAn bilAn su vUzUxtA musabiqlixixkA jUrvAt qilalamsAn
86496d5181264bb18f0fdc9aa990cd5a,vikki Hil velmitni vallaxtursa Hemiylik revaksiyA yUz beridu
bd49199564a8427c8e3070a671cb1f37,biz vamanliq saqlax qoGdax Hizmitimni kUcAytiximiz lazim
66bc85e3acd74f57b12c6b66a9fe1af9,yezilarniN vicki vixlAp ciqilix vomumiy qimmitiniN vexixiGa tUrtkA bolux nisbiti qiriq pirsAnt bolup valdinqi yildikidin bir pirsAnt tOwAllidi
1f62767617fe483db71879108dcfa51f,vikkiNlarniN vuruxqanliq mAsvilANlarni tAxUrUp veniqliGandin keyin bir tArAp qilmiz
d2372ac1583e4e91b4c0ff746c278c4c,taG baGriniN vasasAn hAmmila yeri yexilliqqa pUrkAndi
d84bb3012dda4133947a0b6580b04ca4,vu vUstiwixiGa voquGucilardA kiyiniwaptu
487e0127393b4540a54ad5ed6ceb90aa,vu pivaninuni karamAt yaHxi calidu
b12923fc86d34edd908beef80f53dd6a,vinqilabi qAhrimanlar rohi yaxlar vOsmAnlArniN varisida vAwij valdurmaqta
3876cbf582674a2f852fd8cf9f10f630,yeGin mAydani hAywAtlik bezAldi
2f8ade00b9494ab29c9c720b6f9de3c3,biz mAktApimizniN dAldArAq gUlgiyahlirini vasuruximiz lazim
4db4161d5bbe4660840cb867cb4359b3,yeqinda vafriqida yAnA bir dOlAt mustAqilliq velan qildi
d08887b3bd524a8fbb24a74930fc9634,vaq kONUl mehnAtkAx HAlqniN cidamliqliqiGa vUmidwarliqiGa GAyrAt xijayitigA vilham berilgAn
7d26d5dfe0274d3b85649e243e76d270,vu yax bolGacqa bu mAsilini bAk vaddi voylaptu
a0bde3c30a8e4148bafd055219b26b3e,mAn sinip hAyviti bolux riqabitigA qatnixip vaHir saylandim
8637508348c745dd93fb7ed1499ce9ed,nAccA von yil kUrAx qilix varqiliq biz vaHiri vinqilapniN coN vixlirini vorundiduq
89230d300c9d4117a14c7e0e1a1e8eb5,taG baGriniN vasasAn hAmmila yeri yexinliqqa pUrkAndi
4855c010e939490cbeb60ea3e229355f,vu vUstiwexiGa voquGucilardAk keyiniwaptu
b60d0c9f770544049854e6857c7d7a19,bu qetimqi kiymA kUmtUrUlUx pAwqilattA wAqAdur
2d12d7a7ffbf46d7b90b203e17bb8b99,mAn davim baGciGa berip bAdAn ciniqturimAn
e08f8e3627354645971272cdab99e839,vu cepip yUrUp warqiraytti
4648572b04a442e7bdb5e79523f18ba5,vikki miN yAttinjili yezi boyincA setip ciqirilGan hezigilik qoxumcA mAsluvatliri von miN sAkkiz vatmix tonniGa vomumi somlisi yigirimA tOt millyon toqquziz yAtmix sAkkiz miN yUANgA yAtti
7ac3a4e5bdf3469382127cecd07495f4,bu putbul musabiqisidA qarx tArAp valdin bir top kUrgUzdi
88f0779207214d07b7032c76ca210fd5,vu vOz vustaziGa hOrmAt nAzir bilAn tikilip qaraytti
c918273be8c7409394ed1fa061c22063,bu telewizorniN sUpiti cAt vArlik voHxax mAxGulatlarniN vilGar sAwiyisigA kAtti
dd66a5b1c5c04982a20f585be86d64ab,sAn bAk gApaNlimas boluwaldiN diqqAt qil dadaNdin tayaq yApkAtmAy venA
ad9b2f38f9ac429b8b3c30aa2aa62d43,vozun vOtmAyla bu bala bir munAwwAr tAn hArkAtcigA vaylandi
5f35242747234000938dd5bf7605538e,baxqilarGa zAhArHAndA sOzlAr bilAn zArbA bArmAslikimiz lazim
d1b4cd13103a4a4f8c1bb27b9136de4c,mAn yazliq tAtlidA turpanGa berip sayahAt qilixni voylawatimAn
8bb4da623c3f4456b248bd084a1088d0,siyas kANAx mAmlikAtlik von vUz nOwAtlik davimi komtiti vikkinci yiGiNniN royidin HAwArdar boldi
e52482e741d644d3a5b7f923f26ae780,tok ketip pUtUn xAhAr qaraNGuluqupatti
4765d366e7b74b37a7a22f4abf16f655,muxundaq kelixmAslikkA vucrudGan bolsimu vuniN viradisi boxlaxmastin bAlki teHmu kUciyUp kAtti
3185e1463e5a47bc91470b4c97e8eb90,qoxnilarniN yol yUrUxigA qolayliq boluxi vUcUn vu vixik tUwidiki cirGini kUndA kActA yandurup qoydi
81c37777ba1540c58d4dacd7185565b0,HoxnimizniN balisi davim cAttaq salidu vAmdA HAqniN vocuqini buzuwetiptu
2255d8edb97f433088574f257a54f5a7,qandaqla bolmisun yAnila yaxlar kUclUk vikAn xuncA yiGir ApkAxni dAs kOtUrUp maNdi
ec7500800ccf4b46bddc145e7e76c519,biz kOp miHtarda Ham materiyal setUwiliximiz kerAk
b2e6921eb22d45a4862d15e342ffb97e,xinjaNniN vecwetex quruluxini vilgirsUridiGan yArliq qanun qayid nizamlarni tUzUxni tizlitip nazarAtcilik meHanizmini vUzliksiz mukAmmAllAxtUrUp nazarAtcilik vusulini yaHxilap demokratik qarar qilix rolni jariy qildurup vapnum rayonimizniN vislahat vecwetix wA zamaniwlaxturux quruluxini vUnUmlUk kapalAtkA veqilix kerAk muHberimiz mAdinA tahir viHtiyariy muHbeirimiz mAryAm vAmAd praktikant muHber vadalAt hAmdul
ae24abb914cb40a687a81c984f80b1f4,vu vAqil parasiini vicilitip kAyrig kiriwalGan vixpiyondin qutulup kAtti
c6f3e2f98db847c0b7e5701906ed19d2,hOjAttA mundaq tAlAp qilindi mAwqAni vicki vixlAp ciqirixni rawajlanduruxa qoyup yez vigilik qurulmisiniN vistratigiyilik tANxilixini yAnimu vOlgirisUrUp yezvigilik mAsuatliriniN tAminat wA tAlAp vumum miqtar tANpuNliqi qurulma tANpuNluqi wA sUpAt biHatArlikigA kapalAtliq qilix kerAk
d032c84b66cd41e8972584f9f3122ae2,bu pulni baxtila valmasliqin kirAk vidi
f1a756b325934fd3a0a7bb49229f1380,vimport zapcas tepilmisa vorniGa deyolitimiz vixlAngAn zapcasni vixlAtsimu vOnUm voHxax bolidu
d7ab4fb6bdba4de099e846010e344a87,sinip kadirlirini qaytA saylaxniN xaraviti pixip yetildi
4f65ea21951e499e911c6668b111e78b,tUrkUmlAp malla porta kemigA qacilaxni kUtUp turmaqta
31fd3b931a7c4498b33d73172cf12e55,biz varmiya bilAn HAlqniN vittipaqliqini kOzimizni vasriGandAk vasriximiz lazim
e4b77909c93b4f77ac45b5f8cd2880b4,vuniN bilAn yamanlixip qalGacqa bultiridin baxlap valaqimiz vUzUldi
060d7d13059f4c57b9c9bd093baac764,qiyasimcA vu bUgUn kAlmAydu
487e16a9d02247848705f30ffdf1c130,mAndA tunuxturGudAk tAjribA yoq pAqAt vazGina tAsiratimni sOzlAp berAy
5eda2444b8294c26a2188322d77cc724,qanunsiz voNsurlarni qanun boyicA jazalax lazim
3962f3bda1584caf858b8d16237f4802,bizniN sosiyalizim yolida meNix viradimiz hArgiz tAwrAnmAydu
067f73e6cc4f46e189da09532401471c,sosiyalistik qoruluxta vamminiN vakkiptiqini jAzmAn toluq jariy qildurux lazim
86f2dbd553b44c05873bd13f8b8caa66,jaNfumin mundaq dedi bu nizamniN paydilinixcanliqi nahayitA zor bolup nizamda tOwAndikidAk bir qancA valahidilik gAwdilAndUrUlgAn
56124cc5e492498aade9cfd0de0e3176,xinHua vagentliqi beyjiN yigirmA vUcinci fewral telegrammisi
8f47d3776a1943f5af8cc784c9d7decf,xAhArdA qattiq toman pUtUn xAhArni qapsuwaptu
e04b422b7d6b40e4aebc0b5b53b9ac23,nahilik partikum HAlq hOkUmiti boltur tOwAn husulluq vetizlarni vOzgArtix vUcUn vUc milyon vUc yUz qiriq miN yUwAn mAbliG vajritip yezi bazarlarGa birdin yAr tUzlAx maxinisi sAplAp bArdi
c7e2d6b4bf3042b79bc2001b7069ef43,vuruxta vikkila tArAp vayrupilan taNkinlirini vixqisaldi
4f223922a70341cb9a99893a9b64578c,bu vixta hAmmimiz tAN kUc ciqarduq yaratqan tOhpimizmu voHxax
af080a4dba4247d8bad30b2e5439f3c4,bu taG tek gAm HAtArlik bolGan bilAn coqqisiniN mAnzirisi vintayin gUzAl
e0c6d4d52a8d422eb1e60b2a5b215499,saray valdidiki vu nAccA tal yoGan tUwrUk katta hAxAmAtlik kOrUnAtti
6e4a39af09a14360a0937f82079a18fa,balilar vOzliri HAjlAydiGan parcA pollirini kAynA kAynidin vapAt rayonidiki HAlqqA viyanA qildi
b6d8c794c69f4771a436e9c3e7423e08,mana bu hazir vatilip keliwatqan vuniwersitetlarniN vamibap mavaripdur
d5acb975d44d435f87ebd59b68e54158,mAn kesip vetialaymAnki vu bUgUn kAlmAydu
b94095c5436946278aba49c353e310c9,vapam yeqinda Hizmitidin yOtkAlmAkci
c23ac99d0e864675ac8f17fc0d4d3c55,vazadliq varmiya caNjaN dAryasitin hAywAt bilAn vOtUp nAnjiNni vazad qildi
66df80da9fe74dcd9645a15fb95cf397,vArkin zirip vaHirida mundaq dedi biz nayA baziri wA seyriq buya bazlikda hezigilik qoxumcA mAhsulatlirini setix nuHlisi tAsis qilduq hAm yezigilik mAsulatliriniN baha vucurni waqtida vigilAp turduq
832dcd5db0dd4239888033e257843f44,juNgucA sotsiyalizm nAziriyisini vOginUp wA vuni vizcinlaxturup vidiyA siyasiy sapasini tirixip yuqiri kOtUrUx kerAk
ff4357ad1bed4de5a7e484166ff9c2b9,mAn muxu temini tutup fransiyA pariJ dOlAtlik vikkinci vuniwersitetida vilan kAsipini voqup xinjan vuniwersiteti filologiyA vinstitutiniN vaHbarat fakultisidiki vixvorniN qaytip kAlgAndAn buyan vilanciliq sahisid vizliniwatqan vablikim nur muhAmmAd muvalimini ziyarAt qildim
badb01535db54d0e8ffd0eae2b25ce7a,biz tArtip boyincA sAp bolup tAntArbiyA mAydaniGa kiriduq
8bf5479115d94ccba245eb4e4c19227f,yeNsar nayidiki munasiwAtlik tarmaqlar bultur mAktAblArdA qalaymiqan hAqilix vAhwalini tAkxUrUp saqlanGan mAsililArni waqtida hAl qildi
da969638891646cdad08cb3686ff2f35,Hujintaw tAbri HetidA mundaq dedi GArpniN gazin xAriqi yAtkUzUxtiki vikkinci liniya quruluxi GArniN gzini xArq yAtkUzUxtiki birinci liniya quruluxidin keyinki vstrategiyilik vAhmiyAtkivigA tAbii gaz yAtkUzUx turba quruluxi
dbc4269cf5b04237824061d12309f0b0,mAn kamandropkidin kelipla vintahamGa qatnaxqanliqim vUcUn ziyan tartixim turGan gAp
4d8769eca3874c2a85392f24759192a8,qAdimki maymunsiman vadAmlAr vOzlUksiz vAmgA qilix jAryanida tAdriji tArAqqiy qilip viptidavi vadAmgA vaylanGan
ba3694890d7e4d9cb4802161d73c7b02,yAr jahanni qapliGan qar vucqinliri soNiktin vOtidiGan qAhrtan soGuq xamal dAstidin vOydA solinup qaldim
66d751eb4cf144c9842faa79618fbe3b,vaydin vOssila vUrUk nAxpUt xaptunlar pixidu
1acdfaf30b754fd4b02c33a97ce15d63,vapam meniN yalGuz yiraq sApArgA ciqidiGanliqimni voylap Hatir jAmsizlAndi
2c44cb7f5831450791f879cc6234682b,vaptonom rayonimizniN taxqiy viqtisad sodisini zor kUci bilAn rawajlandurup HAlqira mAdAniyAt valmaxturuxni vilgirsUrUp vinsaniyAtniN barliq vilGar mAdAniyAt muwAbbiqiyAtlirini qobul qilip wA vuniNdin paydilinip taxqiy viqtisad sodiniN viqtisadi wA vijtimaviy vUnUmini vorganik birlAxtUrUp sosiyalistik mAdAniyAt vixliriniN saGlam rawajlinixi vUcUn yaHxi xAhr xarahit hazirlax lazim
0eb83d75d5324b5eab6c0cdf535b6db2,vuniN nutuqi nahayiti sAwiyilik bolup qavil qilixcanliqimu nahayiti kUclUk
795de003c8a342308ead0e5a475fcbaf,bu teliwiziyA teyatrini vular nAccisi pilanliGan
8a79aa36c6f84de18b97631238ad29ce,vuniN voqutqaciGa bolGan muvamilisi tolimu nacar bolGanliqtin kOpcilikniN vAyiplixigA vucridi
0971cd7549d94169b60262756bccdea9,pixmiGan pikirimni votturiGa qoydum kOpcilik paydalansa bolidu
e9801c32a1e2438d88ff3fa87ec830e3,vu Heli kOp mukapatqa verixti lekin buniNGa nurGunliGan kixilArniN kOziqazardi
d4127e8212f14d0190932d4edb2e47c0,yeNi pAllA yeNi pursAt yeNi vUmid
b2c20431490a4637abad034b7a20e794,keyin yeniwalmasliqiN vUcUn biz gApni yUzmiyUz viniq deyixAyli
c8a4ef6761864f3d9c56c1c59ff888fd,bu qitim setiwalGan xal vuruqiniN dini toq bolup xalGutlaxturulGan sortluq vuruqlar vikAn
bd3e0df6166c4b3ca938a0a51c97633c,bu maqalA vijdimaviy reyalliqni vAynAn vAksis vAttUrUp beriptu
a57c26b3d736466396d56b6d3b4112d0,pivonerlar qariGaydAk saGlam vOsUp yetilmAktA
7db79a722e914b148eac38564a77c1d4,vu tapqan tArgininiN hAmmisini ciqirip bir mAktAp qurdi
e1da329b719f40f2be18757b4465ac54,wAtinimizniN hAmmA yeridA gUnlAp yaxniGan qiyapAt xAkillAndi
74aac9d674b04f3a95161b4c1ccf7c41,bUgUn voqutquci bizni baxlap qiziltaG baGtisiGa vAtrAt kUni paliyiti vOtkUzgilap bardi siNli maN qeydap kUn boy vOyidin ciqmay volturuwaldi
79b4f31de6794b1d83fdd70b22e426ae,mAynAt yollar tAzliq vicinliriniN tAzlixi bilAn rAtlik hAm pakiz bolup kAtti
010c2428f7dc44f994381ad4841721d2,qara veyiqniN hArkitA qaxaN bolup meNvixni tolimu vasta
f7b594fcd4fd4e6a827b8e555e4dab59,vikki vasasAn Hizmitini voptan vixlAp vaptiniN rayoniniN tAkxUrUxidin vOtti
6113436501774f77a47c36b18de6550f,dOlitimizniN GArbir vaynida yAnA bir pAwqiladA coN neftkazliqi bayqaldi
eea5a9a67827410281ad84abe45c4a80,cinjaN vuniwersitetiniN kOziniki bolGan mAktAp kUtUpHanisi vuzaq yilliq tariqigA bolup vottara vasiya boyuncA vikkinci vorunni turidu
2159c63fd84d418bb2da5ada4af7bac0,bu kOrgAzmA boyumlirini kOrUxkilA bolidu ceqilixqa bolmaydu
3b84771938964a2a976ed0fd1ce0fbaa,vOz balisiniN coN boluwatqanliqini kOrgAn vaniniN qAlbi cAksiz HadirjAmlikkA cOmdi
5f2c11c9cad74036b1815b4654900d11,nAtijidA bu yil birinci ayniN von tOwtinci kUnigicA navi boyincA yUz miN mu tOwAn hosulluq vetij salamlaxturulup vAtiyazliq terlGiGa tAqlAp qoyuldi
9f93ff7cee574b5b9708bb14721a11a8,vu tolimi kApsiz bolup birdAm vixik derizini bulsa birdAm vistikan caqidu vix qilip tinmay cataq ciqiripla yUridu
26f3ef0ddf084282a211aba1ecdae5ce,biz vUnUmlUk tAdbir qolunup qatnax wAqAliriniN kOp sadir boluxiniN valdini veliximiz lazim
ee98eb394580402db665b1efc7d2b255,bu vadAmniN vuyaq buyaqni timsiqlap yUrgAn GAlitA turqidin qariGanda vintayin gumanliqtAk kOrUnidu
5072a906082147feb37a61836422084c,vavilimizniN vavilaNlArgA bolGan vadAm gArcilik qArzini vOmUr boyi qayturup bolalmaymiz
a24050de5fc8474a8bb5905542a5f392,bUgUr nayilik HAlq vixliri vidarisi xAhAr yezA noposidiki tUwAn tolmux kapalAt poli validiGan vavililAr bAxtA kapalAtlik vavililAr yUlAx vobyekitliri wA vatmix bAx yaxtin vaxqan dehqan carwiclar qatarliq qutquzux vobyekitlirini vomum yUzUk tAxUrUp veniqlap yeNicA hAmkarlixip dawalinixqa qatnaxturup xAHsiy vUstigA velixqa tegixlik vottuz yAnni HAlq vixliri vidarisi coN veGir kesAllArni qutquzux Hirajiyitidin vajritip vularniN dawalinix mAslisini kapalAtkA vigA qildi
2abdd79a9c4c4fa7a367bd11cb9443b2,vitpaq tAxkilatiniN yardimi bilAn yeqindim beri vu nahayiti tez vilgiriidi
0736d03306044bb89492afcc6166383b,yezi vigilik mAsliatlirniN setilix yollirini kANAytip tUrlUk jAmiyAt wA yezilardiki dehqan wasticilarniN rolidin toluq paydilanduq
0a6411d271b04446a247846d9d80686b,kixilAr bikAttA vOcrAt turup maxiniGa ciqixni kUtmAktA
730f9fdef0a94e10b8d0ac687dadec83,bu vikki top komandisi kona rAqiblArdin bolup qaldi
d8840313e88e4115afcfcfe070b6b634,sadaxAr yArdAm qilip kApkalGan dArslirimni toHoxip bArdi
de423167e73346da933ffe9b295ccb06,vuluGwar GayA jAssurana viradAtiklAp taG daryalarni vOzgArciximiz lazim
9941b1dbb3da4c20887eb448e4a1d616,zawutimizda vixlAngAn mAhsulatlarniN hAmmisini vAla sUpAtlik boluxiGa kapavAtliq qilinidu
bc46761e9c5e46f098170b7ed94e15b7,vAtiyazda tikkAn vaq miHiliyA dArAhliri nahayitA tez vOsti
c26724d33f574672adf67d0aed6c52a9,hAmkarlixip dawalnixqa qatnaxturulGan vatmix bAx yaxdin vaxqanlar tOrt miN valti yUz sAksAn bAx kixigA yetip nahiyimniN viqtisadiy taraqiyatiGan wA jAmviyAt muqimliqiGa yaHxi vasas sOlindi
884735c6825a4238a3f1ae91dc75175a,vazadliqtin vilgiri vularniN vavilisi pomexlikniN vekspluatasiyA qilixiniN dArini yAtkUcA tartqan
e0e1b7c3a2d74a4f85d16c1e21665e37,vilmi tArAqqiyAt karixini coNqur vAmAliylAxtUrUp sosiyalislik vinaq jArmiyAt birpa qilixiniN muqArrAr tAlipi xundaqla mAmuriy baxkurt sUzUlma issahatini coNqurlaxturup hOkUmAtniN vOz quruluxini kUcAytixtiki muhim wAzipA
e0744459852d454ab9303162cf834ab4,voqutqucilar biz vAwladlarni vAjAr saNdirip tArbiyilimAktA
fd5359bf4f944043a68e955715be2d9b,bu lerik nAsirini voqusa kixini qattiq tAsirlAndUridu
98c201ba3468464391e1372efeefdd8c,nAsA basqan vixniN hAmmisi maNa yolGuptu
df06556315cb417ab6bb34ddde352825,voqutqucinan cin kONli vuniN qAlbini vaHir veritti
ba88696e31664591acbb4fd91e9171c1,vu tUrlUk pakitlarni misal kAltUrUp karx sArApniN nuqtiyi nAzirigA rAdiyA bArdi
5a5e1ce13c81487cb8042bd1777629d7,vu rohi jihAttA qattiq tAsirgA vucriGanliqtin rohiy kesAlgA giriptir bolup qaldi
37007a2593df420493e7ac0ff2948d8a,toqnux pAyda bolGan vikAn vuni tosux kerAk
ff67781892c04ef2a5b084de85edd87b,til vAdAbiyAtni vOginUxtiki vAN vOnUmlUk vusul kOp voqux wA kOp yezixtur
790360f7db6e4721ab81f680bbf04faa,bu vordida nurGun zapas vayxiq bar
41026d6ef7cf4895b436405e5241e9d5,bAx yizda mAdAniyAt buNkiti sAkkiz kAnittA xipaHan qurup vottuz bir miN bAxiz sAksAnt toqquz dehqan carwicini hAmkarlixip dawalnix qatnaxturup hAmkarlixip dawallix qatnix nispitini sAksAn t wAt pirsAngA yAtkUzdi
b6bee898bc584ea99f6ae9e8c63c7fe4,vaxq HAwAp HatAr fondi siyasitini yAnA mukAmmAlAxtUrUp vaxliq ciqidiGan rayonlarni yUlAx sanilGini kUcAytip vaxliq ixlap ciqirix coN nayisini mukapatlax siyasitini mukAmmAlAxtUrUx kerAk
a4f357504a0e4323b95c01b1da5de653,varaNlarda vadawituNlar bolmiGandin keyin mAslini vaydiNlaxturuwalalisaNlarla boldi
ee618c4ea8834114bf0ed1e638096c41,zatimizda vixlAngAn mAsulatlarniN hAmmisini vAla sUpAtlik boluxiGa kapalAtlik qilinidu
91c824be67ea422c81b9b393fa1b3872,bu qAdimqi vimtihanda yaHxi nAtijigA verixAlmigAn vidim vapam mAni tillimayla qalmastin vAkscA riGbAtlAndUridiGan gAplArni qildi
5478b66f9d5845ceb2d0e2ccd4ef75ac,vu baxqilar kOrUp qalmasliqi vUcUn mOkUnwaldi
d00848d5f5844b83a6d30ab0688437ae,bu vuxcaq mAsililArgA sAn jawab bArsANmu bolidu
b37defd642034d208dd548ac299967a5,vilmiy tArAqqiyAt qarixni coNqur vAmiliylAxtUrUp sosiyalistik viniq jAmiyAt bArpa qilixniN muqArrAr tAlipi xundaqla mAmur baxqurux tUzUlmA visslahitini coNqurlaxturup hOkUmAtniN vOz qurulluxini kUcAytixtiki muhim wAzipA
ee57a1de456142b7947304ac816fcf83,bu lirik nAsirini voqusa kixini qattiq tAsirlAndUridu
a5eb79e3e82a49ebbc88236aa9a3967e,nAccA tAxtAk xahsadAgUl vixHanini tAHmu kOrkAm qilip zinnAtligAnidi
c1e76f487d8e4d488387daaa92d4f43a,waqit dAmmidin qimmAtliktur vuni hArgiz bihudA vOtkUzmAN
9818f081862d41359adf55de563d54c3,biz mAsililArgA vobyektip vAtrapliq qarap sobyektipliq wA bir tirAplimliktin saqliniximizlar
c22812747fbe47d5913ae839bac772ba,vu rohi jAhAttA qattiq tAsirgA vucurGanliqtin rohi kisAlgA giriptar bolup qaldi
8e7d1d32bcb94d429a38e29bc7fb56cd,xinjanGa von vikki qetim kAlgAn vANgliyilik bir vayal sayahAtci telkamirasini velip tANri teGiniN janub ximalini pUtUnlAy vaylinip ciqip yurtGa qaytqandin keyin maNa HAt yeziptu
3fe481c25953418087a701bbe09d94bf,xinjaNniN viqtisadi wA vijtima vixliriniN hAm yaHxi hAm test tArAqqiyatini vilgiri suruxni vcOridigAn halda qanun boyicA mAjburiyitini vada qilix viqtidari wA sAwibisini vOzksis yoqul kOtUrUx kerAk
87ad415710464ff8963eee50d151e9a5,dUxmAnniN vuctumtut hujum qilixidin saqlix vUcUn vammini dArhal yOtkAp ciqip ketiximiz lazim
d4070fd02d9a4c81b68016fdcf972d44,baraN vastiGa vikki miN kixi soqqidAk mehman kUtidiGan sayna tAyyarlatti
57e43286c188479caf25333dc7b9f4d4,saray valdidiki vu nAccA tal yoGan tUrUk katta hAcAmAtlik kOrUnAtti
8bb03c6ed4d9432cb231afd3e27ecfab,xuniN bilAn voquGuclarniN vArkin marip dAp vatalGan gumanitarliq marip vusoli boyicA vortaq bilim velisiGa xaravit yartip berilgAn
b2e7d49fc06547aa916b385fa4672e9e,bu yepAk dukniniN sodisi barGanseri rona tepiwatidu vinqilabiy qurbanlar dUxmAnniN qAliicA valdida vOlUmdin qilciqoqmay mArdan qurban bolGan
3b2c6eed709f468ba2aed631048f808e,qAxqAr konsAr nayisida vadAm kOp teroGla yArvas vetizlar vegiz pAs boluxdAk bAslilAr deqqanlarniN yezA vegilik kAsip qurulmisini tANxAp viqtisadiy qimiti yuqiri zirahAtlArni terip kerimini vaxuruxqa tosalGa boldi
157acac62c364a6aa1314890fa3d6955,siz bu maqalini vOzgArtip viHcamiraq qilip yezdiN
3d63c8ab8bd248b987d204bb4d1aa3b3,bu rAsmniN cin yaki saqtiliqini pArqlandUrmAk tolimu qiyin
17f9092100564c4a9f4f09f5b000b597,mAsilAn singapur xANgan valayidi rayoni vawmen valayidi rayoni jAnibi vafriqa tanzaniyA haway taqim varalliri hindinoziyA filippin tayland vawstraliyA yeNi zelandiyAlArniN sayahAtciliktin kirgAn kirmi vularniN vixkA ixlAp ciqirix vomumi qimmitiniN Helq kOp salmiqini vegAnlAydu
22215ebc0a674f8698b0067b020309b9,yalGuz kixilik tiktaktop musabiqisidA vAkbAr vikkimiz rAqibimizni yANduq
06e3a1884ae243f5a82d2a6b00ad7c2d,rAna sinipimizniN kicik xahiri bolup hazirGicA gizic Jurnallarda nAccA von parcA xehir vilan qildi
b7fc4fb7a98946d4bb57042d627cf72b,vazadliq varmiyA caNjaN dAryAsidin hAywAt bilAn vOtUp nAnjiNni vazad qildi
aa3803da95d04dc699338a905f9f1cb7,vArkin zerip vaHirida mundaq dedi biz nahiyA baziri wA seriqbiyA bazirida yeziglik qoHxumcA mAhsulatlirini setix nuqtisi tAssis qiliduq hAm yeziglik mAhsulatliriniN baha vucurini waqtida vigilAp turduq
74d179f5aead4d3a9e60b100f1743a3e,mAn bilAn sOzlixtA musahiplixixkA jurAt qilalamsAn
5d8b12d2dd904c45b3053334cf74fc26,bu tekisni valdin tAkrallax Hizmitini kApcilAk taliq vixlAptu
130fc258c5cb4f0daf544d05ca48784f,biz vamalliq saqlax qoGdax Hizmitimni kUcAytiximiz lazim
cc0db31493744d029c42788505310af6,vanam keckUndis bizniN Gimmizni yAdu
eccaa3d2d6494ae28c261a446bac865c,taNxAndiki qattiq yardAwirAx bu sanayAt xAhArni tamamAndikidAk wAhran qildi
4ca116b4d1c6436fa1e14f9ebc825d25,yaway haywanlarni tirixip qilGudiximiz lazim
09b61cf329164bac8062f75793288f84,sAn hAmixA vOzUNniNla voylimasliqiN lazim
68bdb282637e45c994f7fc0fd498c6f3,bu vuqitimux sirtda vuzaqraq yUrisAn turmuxqa lazimliq nArsini toluqraq veliwalGiniN yaHxi
8b314371b7f74c5d87151f3bf0b16d1d,muHbirlarniN markizmliq vaHbarad qarixini vOginUxni kUcAytixi markizmniN vasasi noqti nAzArlirini pAydinpi vOziniN mAydani kOz qarixiGa vaylAndurux markizmliq dunya qarixini xAkillAndUrUxni mAqsAt qilidi
e7a05d2fee3f443f894601b8612a3dfa,vu piyani vinani karamAt yaHxi calidu
24b751f1f2464d278fd14d698e1cf20f,bu qitimqa kiyimA kOmtUrUUx pAwqiladA wAqAGir
f74a9656df314a53ba8aaa6c9c935b97,tUnigin kActA voqutquci bizniN vOygA rastinlak kAldi
660e36c195eb41b1b84f7d616bb61cac,vu davim ceniqip turGacqa mUskilliri vintayin tArAqqiy qilGan
44237b4c0762452a8e9b4720e3690b77,biz mAsililArgA qarGanda halAttin halqipitip mahaiyAt ngiliximiz lazim
820dbb09064d455497bc80bf034b1289,qandaqla bolmisidin yAnila yaxlar kUclUk vikAn xuncA GirApkAxni dAs kOtUrUp maNdi
3ea095d8500a4efd85dd10aacf372037,vigrinixcA nAnjiN xAhArlik hOkUmAt bu yil vAN tOwAn mahaxA vOlcimini sAkkUz yUz vAlilgwAngA vOsitUridikAn bu vucur lawliGa oHxax tazliq ixcinlirini tolima Hoxal qildi
13695269d6f44a5d8a2040f05a3d7ab0,siyasiy viddiwi sapanni vOstUrUx hAm bilim qurulmisini yaHxilaxqa vAhmiyAt berix kerAk
6d85a4a582d645a49820b6ae620d818f,vu HAtni bAksAt yazGacqa tonimaq qiyin
dfe68ec76f9f439faab37367d6e59bc7,balila cOckidiki qapaqqoc tolum bepArwa vikAn qAwAtlik bilAN layilAp lipit vornuxni voylaxmaptu
3243c27759894c37a032da2d3656bdd9,bu pulini bax tila valmasliqin kerAk vidi
11efff91e28e4b8fa67383543c70a6ec,baxqilarni mAsHir qilix wA baxqilarGa tAn gAp qilix vuniN vAN coN kAmcinlikidur
e689189ae4264d87a552d2f719f5a80e,baxqilar vimtihanida yaHxi neticigA verixsA vu haman kAmtArlik bilAn vulardin vOginidu hArgiz hAsAt qolmaydu
74e02578daa74d719f9d97e8c16ec4fe,qar qelin yiGip yiza ceqir yolni kOmUwAtkAckA yolni pirqAtmAk vintavin tAs bolup qaldi
7a3d994afa0b427cb552c64a8d0bb951,vu bala qarniyAtlArniN ziyankAxlikkA vucriGandin keyin qutquzux vOlUn bArmAy bAHitkA qarxi vOlUp kAtti
4e74cda9ba0841c8a3d19c400077cdcf,cArcAn nayisi vUc yilda toqquz milyon yAtkUz jigim vic mUNyAn vajritip pAnteHniki tUridin bir yUz vottixkini yol qoydi
6011719abfc941858a8cfa4fd717fdde,saqciGa waqtida mAlum qilGacqa bir qetinliq coN vawtovaptidin saqlinip qalduq
95b6c9b5e24b49c89b562dc987e30580,mAn valdiraxciliqta baxqilarniN maqali dAtlirini veliwaptimAn
57cf8a38b978406e9e0e355583a41ff6,hAdisilar vAjnAwiylArgA qAdimkilArgA coqunix taza yaHxi vAmAs
c633b2fdbcad4b9988bc95aa5fa6598e,biz vamanliq saqlax qoGdax Hizmitini kUcAytiximiz lazim
570935794079435c825473d3e54edd44,mAn sinip hAyviti bolux riqabitigA qatnixip vaHir saylandim
275fdad5d3a94851acb78f4178f3eda4,vu cOwcigAn halda yars veGirmu dAp soridi
7ffbe631b64f4962bcfeaeb08b173c21,yawayi haywanlarni tirixip qilGudiximiz lazim
c952e9cdcfe840a589b6bcc64b6dd027,sAn nAmixA vOzUNniNla voylimasliqiNlazim
edbc244c63f84822b5aceb5c15c75b4c,bu vixniN xu dArijigA yetip ketixi kixini cOcitidu
7c5428fee1f84cc88c9537472739258a,jANgiwarliqni kUcAytix vUcUn qoxonimizni coqum saGlanlaxturuxmiz lazim
375fee29d2a14835ac788c4755a1613a,viNqilawiy qAHrimanlar rohi yaxlar vOsmUrlArniN varisida vAwjaldurmaqta
f8615b898acf4ed0be74ef8fa027511a,yiGin mAydani hAywAtlik bezAldi
83139a0a1f834e1f8865d99591945f43,biz mAsililArgA qariGanda halAttin halqip vOtip muhayyAtni vegiliximiz lazim
cdcb903160d04a9d926575b14b3d2bbf,vuluGwar GayA jAssuran viraditA kelAp taGdAryanlarni vOzgArciximiz lazim
ca332382ccbf420fa864f16881c1a3d6,hAmkarlixip dawalinici qatnaxturuliGan vatmix bAx yaxni acqanla dOt miN valtix sesAmbAr kixi yetip nahiyiniN viqtisadi tArAqiyatiGa wA jAmviyAt muqimmliqiGa yaHxi vasasilindi
0f989327ec134953974cec1ffbb7c7e3,qoxtil voqtux AhAmiyAt berip maharip sipitini vOstUrdi
7d9601a919b84f5e8a11d4c068021d63,fAn buGitimni votturmAktAp kOcUx purtsitidin waskaxmigin
77aee26585d34526996353b22da4ec45,vUcUnci vidiyo mAtmon jiyAtdA yuqur deylgAndAk qAdimgA zaman vAdbiyatimizniN vasas Hayix vilGari bolup vuniNda HAlq pArwArlikwAtAn pArwArlik Hayix vasas qilinGan halida nurwun qimmAtlik vidiyo qarax vipadilAngAn
8d8662a75f95447da09a5d1b71f60706,vazadliqni vilgiri vularniN vavilisi bomivicixniN vekkisiplatasiyA qilixni dArdin yAtkUc tartqan
c8a88db6692a4dd780c0c7288af79564,vilmiyit tArqiyAt garxixin coNqur vAmAllAxtUrUp sosiyalsi viniq jAmyAt bArpa qilixniN muqArrA tAlipi xundaqla mAmuri baxqa tUzUm visslavitini coNqurlaxturup hUkUmAtiniN vOl qilUxin kUcAcliki muhim wAzipA
ce3996018e9849b68c3e4a2c240c4cdc,nAccA tAxtAk xahzadigiUl vixHalini teHimu kOrkAm qilip zinnAtligAnvidi
ae74d063dbc44b6297535ea7256bef04,veNA degAn yiGa awazi bilAn tAN bir kicik hayatliq dunyaGa kAldi
3258d846d7e343629d92f9f924f3dfe1,waqit hAminni qimmAtliktur vuni hAr git bihodA vOtkUzmAN
afa350748c284d4dbfc896485c08fb3e,vilgiri von miN yUwAldik jidipiniN von vimsu sArpiyati tOwAllAp ketip yillip wAzripiini oruniyalmay GAlq qurultiyidA vOzimi tAxUrUgAn senci vOlkilik hOkUmAt rAhbArli japaliq terix varqiliq vaHir venergiyA tejAp bulGiminin vazadix varqiliq yilliq wAzripitini vornidGan bolsimu vAmma wAkillA yAniliq talaat vixlApcix qimiti vu mumin ixlAx qOmitit varan von pirsAnt vigAlAxdAk qola qalidin vOzgArix tAklipini otturup qoydi
421786370d4b42759800061ad3067a1c,xinjaNGa von vikki qetim kAlgAn vAngiliyAk bir vayal sayahAtci telekamerasini velip tANriHtiGini jAnub ximan pUtUnlA vaylinip ciqip yurtawqwaytqandinki maNa HAt yeziptu
a4010677b3504b98807a6ea028e2844b,xinjaniN viqtisadi wA vijdimayi vixliriniN hAmmA yaHxi hAmtiyil tArAqqiyatni vilgi sUrUxni cOrligivanida qanun boycA mAjburiyitini vada qilix viHtidari wA sAwiyAsini vOzlUkligA yuqira kOtUx kerAk
a8dac47545674691a47722c2519341c1,toqson nayisiniN qartaxkAnliki neHanla bu yil vUcinci vayniN vunaldinci kUni toqson nayilik jamavat HAbzi idarisigA qartaxkAn vikkinci grupidiki bir qAwrstaliqta bir jisat bayqaldi dAp dilom mAlum qildi
0cc04eda8a0746b2b9e7cbd858b113b2,wAtAnniqa voHdax hArbir puHranniN muqAddAs burci
62332ce1310b44c6a297df1bfd26215d,jaNxi vOlgisi jiNdajin bazliriniN farfurliri dunyaGa daNliq
1a0e4d3fdd8147fcb17e64130c7ece13,bizniN sosiyalizm yolda meNix viradimiz hArgiz tAwrAnmAydu
2683f3b88b084b129c4a5977204c82c3,kecidA vawad bazar vasta vasta jimjirliqqa cOmdi
7d1f8dd573be4c269efc87a101683c21,bu maqalniN mAzmunida nurGun jayliri tAkyarlanGan vikAn
e9ea25efb43e433bb40366320e17f7e2,bu qoruluxta vix baxlanGanliqi vilimizniN venergiyA qorulimisini sArqillaxturup dOwlAtniN venergiyA beHAtArlikini qoGdap viqtisadiy vijtimayi tArAqqiyatini vilgirsUrUp vammiGa bAHt yaritixta muhim vAhAmiyAtkA vigA
c5107737fb1c4a72943955ee0178c79a,vAmgAk nAmuncisiniN doklatini vaNliGandin keyin vadAm boluxniN vAhmiyitini cUxUnUp yAttim
89538d01b6ca4bb8af81a987e2e991bf,jANfuNmin mundaq dedi bu nizamniN paydinix canliqi nahayiti zor bolup nizamda tOwAndikidAk bir qancA valahitlik gAwdilAndUrUlgAn
3162993c38b4476790019ee7ed9aee90,bu jayniN hAmmiyiri vAHlAtkA toxup ketiptu tazliqi tolimunacar vikAn
de5425498b0d47ea92045435c9716c33,siz tAxUrgAn vAhwaliNizni kOpcilikkA tunuxturup vOtUN
eb86f089cc324882b4e9dba97c22f967,vikki miNmu tAbivi vOsUmlUk yepincisi vottuz miNmu terilGu yAr vAsligA kAltUrUldi
a8351d5c4883446299e630c5bcd045a7,nahilik partkum HAlq hOkUmiti bultur tOwAn husolluq vetizlarni vOzgArtix vUcUn vUc milyon vUc yUz qiriq miN yUwAn mAblAq vajritip yezi bazarlarGa birdin yAr tUzAx maxinisi sAplAp bArdi
e8418d36d6e942dab5aba1eedf3f5b1c,vu vaddiy dukAnniN vixik valdiGa zinnAtlAx vUcUn bir jup tax xer qoyulGanidi
a8afc49721f143f2a86afc848405f3de,voNliwucA mundaq dedi humumyUzlik haliq jAmiyAt bArpa qilixta HAl qurulti sosiyalistlik demokratik siyasiyni tArAqqiy qildurux xinjaNniN vistilahat tArAqqiyat muqimluqiGa kapalAtlik qilix wA vilgir sUrUxdAk muhim wAzipini vUstigi valGan
04aafc592df44bf5a6ee51a9736bd8c7,vu sawaqdaxliri bilAn jawabini silixturGandin keyinla von sowaldin vUcni Hata vixligAnligini bayqidi
f12559c98aa44f8bba1d15d5e4e11325,yalGuz vOzUm derijitiwidA tonun vayGa qarap yiraqtiki dostumni vAslidim
ca24e13921524f029b56cd7dc1687c10,vidigiNizni yuxurmay bu mAxlAqqidiki pikiriNizni votturGa qoyup baqsiNiz
d03fabd71bff403b839712a29fbee904,yiNsar nahiyidiki munasiwAtlik tarmaqlar boltur mAktAplArdA qalayimqan hAqilix vAhwalini tAkxUrUp saqlanGan mAsililArdi waqtidAl qildi
fbf1f181d507486896d4adb87b2baf9c,vu vustazniN maharitini vOginiwaldi
70f4b6107d3b4a5e8c8031f9154c6a6e,qAdimki maymunsiman vadAmlAr vOzlUksiz vAmgA qilix jAryanida tAdriji tArAqqiy qilip viptidaviy vadAmgA aylanGan
314f23175e9646949638e8e987f699b5,vu bir kOzgA kOrUngAn naHxici
92b4774ac6c640c38d04d7694bceb40b,bu mAsvuliyAtni sAn vUstUNgA valamsAn kUclUk riqabAtcigA duc kAlgAndA komanda vAzaliriniN hAmmisi salmaqliq bilAn taqabil turalaydu
b1a65519698e44d9bcd17a619fe57fa2,mAktAp mudiri yiGinda yeqinqi bir mAzgillik HizmAtlArni vorunlaxturdi
84eb5e9e58a2447da09c18597309d731,dOwltimizniN qatnax vixliri kUndin kUngA rawajliniwatidu
242e870515f640d08974b8cb47389d1a,vaptonom rayonimizniN taxqi viqtisad sodisini zor kUc bilAn rawajlandurup HAlqara mAdAniyAt valmaxturuxni vilgirsUrUp vinsaniyAtniN barliq vilGar mAdAniyAt muwAppiqiyAtlirini qobul qilip wA vuniNdin paydilinip taxqi viqtisad zodiniN viqtisadiy wA vijtimaviy vUnUmini vorganik birlAxtUrUp sosiyalistik mAdAniyAt vixliriniN saGlam rawajlinixi vUcUn yaHxi xArt xarahit hazirlax lazim
b4afe5d4ec18465d88fa81e5817cda02,vata vanisi vajrixip kAtkAndin keyin vu jumGurlixip kAtti
f8297e29c19c4870a5cc797b1587946c,voquGucilarni tArbiyAlAxtA bilim yaki mAlum pAndiki bilim boluxla kupayi qilmaydu
22d8e9018d2d4abfb89c2710776fa4c5,bu Hil vayaGniN sUpiti nacar vuzaqqicA paylimaydu
4c82d3e6657f40bd83586926ff01109e,baxqilarGa zAhAr HAndA sOzlAr bilAn zArbA bArmAslikimiz lazim
00c50630e5ee4398bd3081f38546cd05,mAn yazliq tAtildA turpanGa berip sayahAt qilixni voylawatimAn
be22b33e338d481b90f3e85f3d312df3,momam maNa tikilip birdAm Hiyal sUrgAndin keyin vapamniN vixini soraxqa baxlidi
e976fc6d232d4e3f8176c242862e0889,hindistan mAtbuvat terstiniN HAwrigA qariGanda hindistan kontrolluqidiki kAxmir rayonda yigirminci viyol yerim kecidin yigirmA vikkinci viyul sAhArgicA vuda vUc qetim hujum qilix wAqAsi yUz bArgAn
60ec2f23047747a9ab0de0e67e73b96d,varaNlarda vadawitiNlar bolmiGandin keyin mAsilini vayduNlaxturuwalsaNlarla boldi
dae972658853402ab7f507ddff8b6602,sAn baxqilarniN nArsisini voGrilap beyixkA petinipsAn bu nemi degAn xArmAndicilik
95007194a3054128901c61841c06d5c1,voquGucilar vOz vara vittipaqliqni kUcAytixlazim
31c3b5aedc094e6ab9aa6e48d4d0f736,vuniN vaxu soGuq tAlAtini kOrgAn hAr qandaq vadAm vuniNGa yeqilixini Halimaydu
feb3b5ee199c416a81f17a946cb1cf95,savatimizda vixlAngAn mAsluvatlarniN hAmmisini vAla sipAtlik boluxiGa kabalAtlik qilindu
1c5fb41201134943b55958c2a700c7b1,suciliq teHnikilirini yeza bazarlarGa vAwAtip vix vUnUmi sUrveti sUpitigA kabalAt qildi
acd3249102bd4e618174a1984c069587,hAmkarlixip dawanlinixqa qatnaxturulGan vatmix bAx yaxidin vaxqanlar tOt miN valti yUz sAksAn bAx kixigA yetip nahiniN viqtisadiy tArAqiyatiGa wA jAmviyAt muqimluqiGa yaHxi vasasilindi
5d73620de9c149769dd4d568c73b78ca,xuNa hazir yolG qoyuluwatqan dora varqiliq doHtorHanini beqix meHanizmi dora basiniN ziyadi yoqira boluxiniN vacquci
51eb09fa5e9a4eb9b002955c2f83857a,vilmiy tArAqiyAt qarixini coNqur vAmAliylAxtUrUp sosiyalsizlik venaq jAmviyAt bArpa qilixiniN muqarrA tAlipi xundaqlar mAmuriy baxqurux tUzUlmA visslavatini coNqurlaxturup hOkUmAtniN vOz qorulixidi kUcAytixdikA muhim wAzipA
c75111b32cfe4d59b5e4f24989dcbcda,namrat rayonidiki kOpligAn voquGuci voqux pirisigA verixti
670617c9827a4bc692f0dc7d2f53b149,xinjanGa von vikki qitim kAlgAn vANgliyilik bir vayal sayahici telkamirasini velip tANirtiGiniN jAnub ximalini pUtUnlAy vaylinip ciqip yuritiGa qaytqandin keyin maNa HAr yeziptu
74678c1e48a54e159603fa74c55b44d7,vikki miN sAkkizinci yil vOtmUxni vAslAp kAligUsigA nAzAr salidiGan yil bolupmu yeNi musabigA vatliniGan yil
9dd6b91900944646bef94ec947c5134d,qandaqla bolimisun yAni yaxlar kUclUk vikAn xuncA veGir vApkAxni dAst kOtUrUp maNdi
c73b2dfccffe47da89d46c6bc1696136,jikipi mArkizi komitet siyasiy birosi bUgUn cUxni vilgiri tOtinci qetim konlektip vOginix qildi
6e239130c19242d4a84e02a27f48e35c,vu wAtAn vUcUn HAlq vUcUn vOcmAs tOppA yaratti
31bf535be2854b8bb8a207a832d53d5b,bUjjAti mundaq tAlAp qilindi mAwqAni vixki vixlAp ciqirixn harwayliinizGa qoyup yezigilik qorulmisiniN strategiyilik tANxisik yAnimu vizgiridA sUrUp yezigilik mAsvuluatliriniN tAminat wA tAlAp vumummuqtarini qorulmu tANpuNluqini wA sipAt pO HAtlArigA kabaitliq qilix kerAk
5e6b6e3ab3b544f2807862fc4a09b17b,vilgiri mAn soN vadawA saGlap kAlgAndim bu toGra bolmaptu
44d5051e0dd24e519b850250e6f35637,siyasiy vidiu sapani vOstUrUx hAmA bilim qurnisni yaHxilixqa vAhmiyAt berix kerAk
8b5e5705219f4a92a750b73f95fda447,hazir viyGa varam bAx yUz yon valimAn bu pul bilAn kUn vOtkUzmAk pAktAs dedi nAnjiN xAhArniN golu rayondazliq vixcisi bolup vixlawatqini yigArim nAccA yil bolGan lawli
764b16f98f054c7eb778153f37be870a,waNliwuci wAwiGiniN hAmraliri yAttinci vayniN sAkkizinci kUni sanji xAhAr xAhAr vAtrap vix baxqarmisiniN nAnwuguN vikkinci kAntigA berip bu kAntiki sAksAn pAx pirosAnt dehqanniN qAwAtlikA vOylArgA kOcUp kirgAnlikini vAN kicik volturaq vOyniN kOlUmi birgA yUz yigirmA kwadrat wetr vAN coNiniN vik yUz kwadrat witr vikAnlikini kOrUp Huxal haldap puHraliriGa silArniN wA volturaq vOy xaravitniNla xAhArdiki kadrlarnikidin yaHxi vikAn nahayit yaHxvikAn nahayit yaHxivikAn dedi
649b58796ec148d1999aa72b6cb9b1d1,katir dolqini yerip denizGa kirip kAtti
96c5f7d296784de08fedd2540808c382,wopun baysila valmasliqin kirAk vidi
48720fdbc86b4390847e560504b8c77c,biz varmiyA bilAn HAlqni vettibaGliqini kOzimizni vasuriGandAk vasuriximiz ladim
be16ec29dab24ff89a4e23a0d3a679d8,harmaytalmay bArdaxlqa berip ceniqsaNla salamAtlikniN yaHxi bolup ketidu
71a4f59b363f4f6dbd8cb82755eda35a,vuniN kOz valdira pAyda boluqini hexiliqqap pUrgAnlgAn vetizlik qildi
0be9e5760f494289a6ffc0377546d498,vuniN bilA yamanlixip qalGacqa bolturdin baxlap valaqimiz vOzUldi
e446fa1cd33a4a17b4d49604819c1eb5,qarqeylin yeGip yezi ceGir yolni kOmUwAtkAckA yolni pArq vAtmAk vintayin tAspolup qaldi
e7849bcadca745358f66253b2b387f12,vuniN yol maNGanda Huddi vAtrapida vadAm yoqtAk kOkUrkini kirip coN qAdAn taxlap maNidiGan vaditi bar
d9663537e99245d295e5698caafdb34f,vAtA bizniN vOygA zadi kelAmsAn yoq
3a93dfde3f554fe0812efaf31980ba06,viradisiz vadAmniN kesipdA zor muwAbiqiAt qaznixi mumkin vAmAs
5b4f2344909548e19cad6c5b7a7e8078,biz yol baxlaxqa xu jArdin bir yurtdaxni taptuq
cdca577c77c54ef3afd7bd393b084c7e,vu qatilni qinat vastiGa valGanliqi vUcUn tegixlik qanunni jazaGa tartildi
b8f9e8afb0034b2987c8e28a393d43d2,balisini bOrA yAp kAtkAckA vu cAkxUz qayGAsirAt vicidA qaldi
cd1e40bf70ce4f52a2ddf9f9429ffc5b,bu gArcA bir vArzimA sowGat bolsimu vuniN kONlini bildUridu
e2daa67506f54978b1b16a1ee60230ce,ziyadi GAmAnnixA vuni ballur qeritiwAtti
11f2234b66644ea2be379dea0018e4b6,qAxqAr konxAr nahisidA vadAm kOp tArilGu yAr vaz vetizlar vigiz pAs boluxdAk mAsililAr dehqanlarniN yAzigilik kAsip qurulmisini tANxAp viqtisadiy qimmiti yuqiri ziravatlArni terip kirimini vaxuruxqa tosalGa boldi
239dc703e23549deaa6cfe4674c03b83,bu qara niyAtlArniN dilo sadir qilix wastisi vintihain qAbi wA rAhimsiz
ca7fc039809247dca522df9cd931ea32,biz koNna vOrUp vadAtlArgA HatimA berip yeNi kAypiyat tikliximiz lazim
443dbe5787b84639bbb4268b1ccc36d6,mAsilAn singapur xaNgin valaydirani vawmin valaydraini jAnubi vafriqa tanzaniyA haway taqi manrarliri hindoneziyA filipin tayland vawstraliyA yeNi zelandiyAlArniN sayahAtciliktin kirgAn kirimi vularniN vikki vixlAp ciqirix vumum qimmitiniN Heli kOp salmiqini vigilAydu
e89a4b09d9fa4e03aac04dd21e0bd328,bir vavili kixiliriniN turmuxini qamdax vUcUn dadamGa sAhAr qopup kAc vetip vixlimAktin baxqa vamal yoq vidi
6c13a7cca589495d801c62c980e341a8,kOrgAzmigA jAmviyAttiki hAr saatikilArniN jovillAy zoNliniN hayat pavaliyAtlirigA vavit toqsan parcA fotosUrAt sizma vAsArliri qoyuldi kOrgAzmA bAxinci vayGucA dawamlixidu
80cc82cbc1444c72b4e9db19d5bd0a56,vu kOrANlAp bundaq vixni mAndin baxqa heckim yaHxi qilalmaydu dedi
4b0e7d7237ed465daa87959c82145ea0,HAlqi vUcUn HizmAt qilix wAtAn vUcUn yaramliq vadAm bolux qimmAt qarixini mustAkkAm turGuzux kerAk
d93e7fd072a94637939e5ea0a5332075,jahilliq bilAn qarxiliq kOrsAtkAn qariniyAt nAH mAydanda vetip taxlandi
7433ce8a7be74c6e9ac8e72fa845350d,varmiyimiz vistekamaldiGa kUclUk vAskiri kUc vurunlaxturdi
5bd48a1dbe9a48f093df1308fa1c9fc3,bu teliziya teyvatrni vular nAccisi pilanliGan
4371e1635ada4092b33819338d78ae80,vu na toGrusuldin paydilinip nAp vOlix mAHsigAtkAnliktin kOpcilikniN hayiplixiga vucridi
52e8b3c6d0f7476e8bee83faa3de96ab,vu qattiq qayGurGanliqtin vuzun vOtmAy vurun titip yetip qaldi
909ad846f4f5426faf120832ab44997e,saqcA vAqildin vadaxqan vu qarniyAtni vaHir boysundurdi
fd0c6f36e7f7492da9b05947ab7652a7,vikki miN birinci yili toqquzinci vaydim boyan zuNtuN box deqitini terrorluqqa qarxi vurux mAslisigila mArkAzlAxtUrUp kAldi
ea3673fe6f7145458cc2cf50de85e8c3,varmiyimiz dUxmAnniN mudapiyA liniyisini vUzUl kesil pacaqlap taxlidi
ba857f5ad651455b8e0fcfa5413fc3c3,vu vOzlikidi vOginUp vingliz tilida vuniwersitetniN mAHsus kursini pUttUrgAnlAr sAwiyisigA AyAtti
a55e80dcd1864787a059b66d83090dda,savAtniN mayatniki vikki tArApkA retimliq dAwrAp turatti
ed4a04a7fa124895ae993366c422bbe9,sUrAttA vafGanistanliq doHtor votturida hAr qaysi vOlkilArdin kAlgAn kursantlarni qan berix teHnikisi boyicA tArbiyilimAktA
f458dfcdad904a179c21fa696257bed5,vavilimizniN vaviliNlargA bolGan vadAmgarcilik qArzini vOmUr boyi qayturup bolalmaymiz
9cfb5057e167488697247404d78e3901,qollirini silip tAkxi qAdAmdA ketiwatqan sawaqdaxlar nahayiti roHluq kOrUnAtti
32bed9ca13524a29b3c7e26d6eb22388,bUgUn yazGucilar xinHwa kitabHanisida voqurmAnlAr vUcUn nAq mAydanda vimza qoyup kitab setip beridu
3353cc9d9abc4bf193e0c407d5a7aa0f,vu bir roman yazixqa tAyyarlandi hazir materiyal yiGiwatidu
85a9d2787c554b05af6312a50062344d,kambodJa dOlAt zAhAr cAklAx vaparatiniN vAmAldarliri wA voquGucilar bolup tAHminAn vondin vartuq kixi yAttinci viyon jinbiyAndA zAhAr cAklAx namayixi vOtkUzdi sUrAttA namayixcilar
37b66b00798441adb2662106d569221a,kixilAr bekAttA vOcUrAt turup maxiniGa ciqixni kUtmAktA
6082d7d5655d46f6b7aa26a78b51e93a,vikkincidin dAm velix waqti tANxAlgAn nizamda vixci HizmAtciniN jAmii HizmAt qilGan waqti bir yilGa toxqan von yilGa toxmiGan bolsa yilliq dAm velixi bAx kUn bolidu